Date,Country,Deforestation_Area_Ha,Forest_Fires_Reported,Air_Quality_Index
01/01/2020,India,2.25,0,153.71
02/01/2020,India,2.83,1,63.95
03/01/2020,USA,3.92,1,123.59
04/01/2020,Russia,6.14,2,189.11
04/01/2020,Mexico,11.18,0,136.75
05/01/2020,Nigeria,10.52,0,158.45
06/01/2020,India,4.86,0,75.8
06/01/2020,Brazil,15.53,1,178.72
06/01/2020,China,13.42,0,171.98
07/01/2020,India,15.36,0,117.57
07/01/2020,Mexico,1.04,1,161.4
08/01/2020,Brazil,3.33,0,192.12
08/01/2020,India,7.44,1,100.05
11/01/2020,Mexico,16.34,2,186.36
11/01/2020,Mexico,18.64,3,194.46
12/01/2020,Brazil,13.3,1,86.79
13/01/2020,Russia,11.38,2,114.55
13/01/2020,Brazil,6.43,1,173.83
14/01/2020,Nigeria,5.65,2,66.92
14/01/2020,Nigeria,19.93,2,101.93
15/01/2020,Brazil,4.11,0,111.19
16/01/2020,USA,13.15,0,131.64
16/01/2020,China,14.47,2,179.48
17/01/2020,Brazil,17.52,2,68.35
17/01/2020,Russia,16.59,1,112.08
17/01/2020,Brazil,2.09,0,183
19/01/2020,Indonesia,19.1,0,68.42
20/01/2020,India,1.17,2,55.75
20/01/2020,Germany,7.54,0,116.16
20/01/2020,Philippines,4.76,0,168.3
21/01/2020,Germany,18.17,0,119.09
24/01/2020,India,4.85,1,72.06
24/01/2020,Nigeria,2.26,3,85.47
26/01/2020,India,11.6,1,144.8
26/01/2020,Mexico,7.94,0,197.07
29/01/2020,USA,19.24,0,144.67
29/01/2020,Philippines,18.37,0,100.59
29/01/2020,Philippines,4.53,1,192.02
29/01/2020,Indonesia,14.07,0,54.65
31/01/2020,Nigeria,14.16,0,181.43
31/01/2020,Russia,15.7,1,134.06
01/02/2020,Indonesia,14.11,1,69.04
02/02/2020,China,13.95,1,151.63
02/02/2020,Russia,17.2,1,123.99
03/02/2020,India,11.07,2,155.95
03/02/2020,Indonesia,10.51,2,87
04/02/2020,India,10.32,1,157.66
05/02/2020,Indonesia,13.55,1,139.6
07/02/2020,Nigeria,15.51,2,65.11
08/02/2020,Nigeria,12.1,0,174.01
08/02/2020,Russia,16.51,0,83.03
08/02/2020,Nigeria,1.69,1,181.22
09/02/2020,Brazil,1.09,2,89.63
09/02/2020,Mexico,9.02,0,107.71
10/02/2020,Brazil,15.52,0,106.38
11/02/2020,Brazil,4.27,4,58.49
11/02/2020,USA,11.68,1,179.17
12/02/2020,Indonesia,5.69,0,68.87
12/02/2020,Indonesia,5.05,2,168.01
13/02/2020,Russia,17.75,1,86.67
13/02/2020,Philippines,9.75,0,76.53
14/02/2020,Brazil,0.71,1,59.87
14/02/2020,Germany,18.16,0,88.91
16/02/2020,Mexico,5.61,3,50.16
17/02/2020,Philippines,18.5,0,197.6
18/02/2020,Indonesia,4.91,1,172.81
20/02/2020,Philippines,6.56,2,188.97
20/02/2020,Russia,2.67,1,151.74
21/02/2020,China,18.52,1,95.94
21/02/2020,Mexico,4.89,1,96.91
22/02/2020,China,15.69,0,101.4
22/02/2020,India,18.79,0,194.16
22/02/2020,India,19.01,1,171.76
23/02/2020,Mexico,15.53,0,117.1
23/02/2020,Brazil,5.41,0,93.86
23/02/2020,Nigeria,4.63,3,86.45
24/02/2020,Germany,13.2,2,106.05
24/02/2020,Mexico,13.77,4,88.12
24/02/2020,Mexico,12.24,1,185.89
25/02/2020,USA,18.71,0,130.65
25/02/2020,India,18.81,2,194.65
26/02/2020,USA,17.47,1,63.64
27/02/2020,Indonesia,11.01,1,195.83
28/02/2020,Mexico,17.71,0,181.92
28/02/2020,Indonesia,8.47,2,109.88
29/02/2020,USA,13.6,0,196.57
29/02/2020,Russia,4.74,0,156.27
29/02/2020,Brazil,2.91,2,50.06
29/02/2020,Russia,11.31,3,186.32
02/03/2020,Nigeria,16.74,1,79.8
03/03/2020,China,6.84,2,154.07
03/03/2020,Philippines,11.36,0,67.42
04/03/2020,Philippines,5.36,1,171.05
04/03/2020,Nigeria,17.83,1,83.79
04/03/2020,Nigeria,10.97,1,176.64
05/03/2020,Philippines,3.16,1,161.18
05/03/2020,Brazil,12.01,3,137.36
05/03/2020,Nigeria,18.78,1,190.29
06/03/2020,USA,6.9,0,179.39
06/03/2020,India,8.25,0,163.9
06/03/2020,China,6.78,1,137.16
07/03/2020,Russia,2.11,0,90.18
07/03/2020,India,5.64,2,64.88
08/03/2020,USA,11.08,0,199.17
09/03/2020,Russia,19.98,1,101.22
09/03/2020,Brazil,19.31,0,58.44
12/03/2020,China,16.3,0,74.93
14/03/2020,Russia,13.47,3,138.36
14/03/2020,Brazil,6.22,2,152.91
15/03/2020,Russia,9.08,1,161.96
15/03/2020,USA,16.12,2,185.99
16/03/2020,USA,3.72,2,187.53
16/03/2020,Brazil,10.63,1,84.93
16/03/2020,Brazil,11.74,1,116.49
17/03/2020,Russia,8.72,1,174.54
17/03/2020,China,12.25,1,133.29
17/03/2020,Nigeria,14.07,1,178.87
18/03/2020,Russia,17.35,2,120.04
18/03/2020,Philippines,10.6,0,196.19
19/03/2020,China,11.29,1,95.67
19/03/2020,Mexico,8.97,0,132.59
20/03/2020,Indonesia,4.92,1,187.11
20/03/2020,Mexico,1.55,2,61.09
21/03/2020,Nigeria,10.66,1,173.75
21/03/2020,Mexico,2.84,3,147.15
22/03/2020,India,6.34,1,163.95
22/03/2020,Philippines,2.82,1,117.34
22/03/2020,Nigeria,18.21,2,193.5
23/03/2020,Mexico,13.05,3,137.92
23/03/2020,China,18.82,1,179.18
23/03/2020,Brazil,3.47,1,188.15
25/03/2020,China,11.25,2,95.71
25/03/2020,Nigeria,4.47,2,57.27
25/03/2020,Indonesia,4.54,0,110.74
26/03/2020,Indonesia,15.16,3,167.07
26/03/2020,Mexico,11.98,1,96.66
27/03/2020,Brazil,17.53,0,176.84
27/03/2020,China,18.65,1,85.1
27/03/2020,USA,18.76,0,157.9
29/03/2020,Indonesia,9.99,1,142.62
29/03/2020,China,19.63,1,147.62
30/03/2020,Nigeria,8.37,1,51.81
30/03/2020,China,14.79,1,50.94
30/03/2020,Brazil,14.26,2,141.6
30/03/2020,Brazil,13.25,1,153.18
31/03/2020,China,7.08,0,113.37
31/03/2020,Germany,17.74,2,59.07
31/03/2020,Brazil,14.05,1,183.54
31/03/2020,USA,2.42,1,145.93
02/04/2020,Mexico,17.77,1,96.57
02/04/2020,Indonesia,3.94,0,53.23
02/04/2020,USA,9.06,2,152.91
02/04/2020,Indonesia,9.59,1,175.38
03/04/2020,Mexico,19.94,0,65.36
03/04/2020,Brazil,15.65,1,156.31
03/04/2020,Brazil,4.55,0,59.97
03/04/2020,India,7.38,2,147.92
04/04/2020,USA,5.85,0,128.94
04/04/2020,Mexico,19.49,1,90.3
06/04/2020,Brazil,19.73,0,170.45
06/04/2020,Indonesia,11.11,1,153.13
07/04/2020,Mexico,8.13,1,124.08
07/04/2020,Mexico,15.96,2,146.74
09/04/2020,China,16.81,5,74.22
09/04/2020,Philippines,19.84,1,175.25
10/04/2020,China,7.98,0,151.02
11/04/2020,Brazil,2,1,174.63
12/04/2020,Russia,19.48,1,74.97
12/04/2020,China,16.3,1,99.09
12/04/2020,Nigeria,18.81,0,109.48
13/04/2020,Philippines,6.87,2,132.85
13/04/2020,Russia,0.79,0,129.95
13/04/2020,Mexico,8.66,1,94.82
13/04/2020,Philippines,19.42,1,78.89
13/04/2020,Germany,8.17,0,173.26
14/04/2020,Russia,10.36,0,151.75
14/04/2020,Philippines,13.16,2,52.3
15/04/2020,Brazil,5.92,3,161.42
15/04/2020,Brazil,6.59,1,182.54
15/04/2020,Mexico,15.78,0,63.22
15/04/2020,Indonesia,12.61,4,104.65
16/04/2020,Mexico,14.49,4,103.97
16/04/2020,Philippines,17.79,1,119.42
17/04/2020,Russia,5.69,1,112.34
17/04/2020,Philippines,3.79,0,66.64
17/04/2020,USA,10.7,0,151.8
17/04/2020,China,16.21,0,109.37
19/04/2020,Russia,19.64,1,181.77
19/04/2020,Indonesia,6.79,1,114.07
20/04/2020,Brazil,9.2,1,166.63
21/04/2020,Indonesia,12.2,0,55.89
21/04/2020,India,19.78,0,144.21
22/04/2020,China,6.88,0,67.28
23/04/2020,Nigeria,4,0,151.82
23/04/2020,USA,18.96,1,165.42
24/04/2020,Mexico,9.2,1,105.59
24/04/2020,Indonesia,13.37,0,69.09
25/04/2020,Germany,4.62,1,184.71
25/04/2020,India,5.15,2,171.66
26/04/2020,Russia,10.52,1,82.28
26/04/2020,India,4.96,1,63.41
27/04/2020,Russia,14,1,85.56
27/04/2020,Nigeria,1.73,2,111.42
28/04/2020,Russia,9.59,2,111.76
28/04/2020,Indonesia,9.89,0,187.24
28/04/2020,Mexico,5.64,0,137.86
29/04/2020,Indonesia,17.41,0,102.63
30/04/2020,Mexico,12.72,0,141.82
30/04/2020,Russia,17.84,0,98.38
01/05/2020,USA,10.44,2,115.47
02/05/2020,Indonesia,15.06,0,151.57
02/05/2020,Nigeria,15.93,2,123.82
02/05/2020,Indonesia,19.52,0,133.68
03/05/2020,Brazil,11.41,2,155.86
03/05/2020,Mexico,13.51,1,176.91
04/05/2020,Philippines,19.34,0,53.28
04/05/2020,China,10.7,1,103.15
04/05/2020,Philippines,3.34,1,82.06
04/05/2020,Brazil,0.55,1,71.03
04/05/2020,Nigeria,16.66,0,88.41
06/05/2020,Germany,16.55,1,169.87
06/05/2020,USA,15.33,1,98.63
07/05/2020,Philippines,6.27,0,53.54
07/05/2020,Mexico,7.53,0,190.69
07/05/2020,Indonesia,9.51,2,159.33
08/05/2020,Germany,7.55,0,91.52
09/05/2020,USA,15.78,1,84.79
09/05/2020,Mexico,17.84,0,156.86
10/05/2020,Indonesia,16.85,1,94.35
10/05/2020,USA,11.48,1,196.77
10/05/2020,Philippines,7.75,0,185.06
11/05/2020,Brazil,17.87,3,165.42
11/05/2020,Philippines,8.23,1,184.57
12/05/2020,Mexico,11.91,0,181.52
13/05/2020,India,5.4,0,156.9
14/05/2020,India,14.26,0,119.24
14/05/2020,India,6.78,2,108.38
14/05/2020,USA,4.88,1,173.05
15/05/2020,Mexico,12.37,1,119.99
17/05/2020,Russia,18.89,4,184.26
17/05/2020,Indonesia,8.86,2,185.12
17/05/2020,Indonesia,1.59,1,116.96
18/05/2020,Philippines,4.63,0,140.79
18/05/2020,Brazil,1.77,1,105.49
18/05/2020,Germany,5.26,3,111.87
19/05/2020,Nigeria,8.27,3,64.51
19/05/2020,Brazil,0.61,0,139.69
20/05/2020,Mexico,10.34,1,136.91
20/05/2020,USA,9.96,0,169.2
20/05/2020,Brazil,16.99,1,184.1
20/05/2020,Philippines,7.42,1,166.22
20/05/2020,Mexico,12.62,0,170.53
21/05/2020,Nigeria,2.39,1,161.45
21/05/2020,Germany,16.77,0,159.07
21/05/2020,Mexico,12.11,1,199.8
22/05/2020,Germany,17.88,2,193.86
22/05/2020,Russia,9.48,0,129.45
22/05/2020,Nigeria,8.97,1,157.01
22/05/2020,Russia,4.15,1,120.05
23/05/2020,Germany,10.79,1,157.79
25/05/2020,India,3.27,0,97.31
25/05/2020,Russia,2.68,2,197.72
25/05/2020,China,14.51,1,56.21
26/05/2020,Indonesia,2.92,1,187.36
26/05/2020,Russia,9.73,1,151.55
27/05/2020,Philippines,15.11,0,114.12
28/05/2020,Nigeria,4.03,0,130.66
29/05/2020,China,19.19,0,139.67
29/05/2020,Indonesia,1.34,1,197.29
29/05/2020,Mexico,16.98,0,140.08
30/05/2020,Brazil,13.58,0,198.81
30/05/2020,Philippines,4.11,2,177.25
30/05/2020,Philippines,12.76,0,85.99
31/05/2020,Indonesia,1.66,1,166.9
31/05/2020,India,10.53,0,121.11
31/05/2020,Germany,15.03,0,141.89
31/05/2020,Mexico,12.12,2,189.6
31/05/2020,Mexico,14.96,1,176.51
31/05/2020,Mexico,15.71,3,179.16
02/06/2020,India,8.39,0,165.02
02/06/2020,Russia,12.83,3,90.27
02/06/2020,Nigeria,6.7,2,143.14
03/06/2020,Philippines,6.32,2,55.67
03/06/2020,Nigeria,19.92,1,175.92
03/06/2020,China,14.57,0,149.98
03/06/2020,Indonesia,3.78,1,153.15
04/06/2020,Nigeria,9.74,0,77.52
05/06/2020,Nigeria,13.34,1,142.45
06/06/2020,India,14.67,2,169.95
06/06/2020,Nigeria,9.76,2,158.14
07/06/2020,Brazil,9.61,0,64.09
07/06/2020,Mexico,18.84,1,187.03
08/06/2020,Brazil,5.97,2,58.73
08/06/2020,USA,15.94,4,161.92
10/06/2020,Russia,16.43,0,60.28
10/06/2020,China,5.76,1,99.45
10/06/2020,India,12.56,1,115.14
10/06/2020,Germany,4.09,0,131.28
10/06/2020,Brazil,4.11,1,106.96
10/06/2020,China,14.32,1,96.05
10/06/2020,USA,3.55,0,150.78
10/06/2020,Nigeria,1.88,2,64.75
11/06/2020,Indonesia,7.05,2,168.07
12/06/2020,Germany,1.63,0,68.6
12/06/2020,Indonesia,13.88,0,59.37
13/06/2020,Mexico,8.53,2,162.67
13/06/2020,Indonesia,15.29,1,68.17
13/06/2020,India,2.85,1,52.91
13/06/2020,Mexico,3.44,0,144.02
14/06/2020,China,18.3,0,85.87
14/06/2020,China,12.33,2,182.61
15/06/2020,Germany,16.57,0,185.08
15/06/2020,Russia,14.05,0,99.41
15/06/2020,Mexico,10.55,1,91.44
16/06/2020,Russia,3.79,0,138.3
16/06/2020,India,3.51,3,147.78
16/06/2020,USA,15.45,2,64.54
16/06/2020,Germany,9.64,0,165.72
16/06/2020,Germany,6.71,0,130.26
18/06/2020,Russia,16.92,1,197.5
20/06/2020,Nigeria,2.8,1,105.32
20/06/2020,Germany,11.68,1,52.97
21/06/2020,Nigeria,17.66,1,98.32
22/06/2020,Russia,15.98,1,81.42
22/06/2020,Mexico,5.36,1,161.21
22/06/2020,Mexico,2.98,1,61.13
23/06/2020,Indonesia,7.31,0,71.19
23/06/2020,Russia,14.07,0,188.25
24/06/2020,Germany,2.56,0,174.12
24/06/2020,USA,19.84,1,139.27
24/06/2020,Nigeria,8.51,0,189.69
25/06/2020,India,8.41,2,131.31
26/06/2020,USA,5,3,85.05
26/06/2020,Russia,1.29,2,131.34
27/06/2020,Mexico,9.24,2,175.15
28/06/2020,Russia,8.33,0,151.56
29/06/2020,USA,8.84,1,175.13
29/06/2020,Indonesia,19.95,0,137.2
02/07/2020,Russia,16.85,3,90.52
03/07/2020,India,12.97,1,194.02
03/07/2020,China,7.61,1,166.31
03/07/2020,Philippines,9.01,1,135.17
03/07/2020,Philippines,8.05,0,62.85
04/07/2020,Indonesia,7.08,1,184.88
05/07/2020,India,18.7,0,64.17
05/07/2020,Nigeria,6.52,1,162.29
05/07/2020,Germany,5.46,0,76.94
05/07/2020,Brazil,6.7,0,96.22
06/07/2020,Germany,19.28,0,90.34
06/07/2020,Germany,0.58,2,152.75
06/07/2020,Germany,9.85,2,198.79
06/07/2020,Russia,8.86,1,157.25
08/07/2020,USA,14.8,2,188.58
08/07/2020,Russia,19.94,1,190.53
08/07/2020,China,15.93,2,106.53
09/07/2020,India,16.48,0,90.66
09/07/2020,China,1.41,3,175.26
09/07/2020,India,4.47,0,64.41
10/07/2020,China,17.92,3,117.36
10/07/2020,Indonesia,9.55,1,109.67
10/07/2020,Philippines,12.9,0,162.16
10/07/2020,Indonesia,11.08,0,125.47
10/07/2020,Brazil,9.94,1,183.69
12/07/2020,Germany,3.44,1,87.51
12/07/2020,Brazil,1.19,3,164.02
13/07/2020,Indonesia,16.6,3,91.43
14/07/2020,India,10,1,101.8
16/07/2020,Mexico,6.4,1,118.06
17/07/2020,Nigeria,6.91,0,77.08
17/07/2020,Indonesia,14.98,0,116.07
17/07/2020,Brazil,9.51,0,136.58
17/07/2020,Mexico,6.68,1,142.23
17/07/2020,Mexico,9.37,0,50.69
18/07/2020,Nigeria,15.56,2,113.98
19/07/2020,Nigeria,0.53,1,73.88
20/07/2020,Germany,5.2,0,128.85
20/07/2020,Brazil,6.49,1,85.55
21/07/2020,India,9.77,1,162.57
21/07/2020,Philippines,6.9,1,100.61
22/07/2020,Philippines,9.1,0,186.16
22/07/2020,Indonesia,12.92,1,67.93
22/07/2020,Nigeria,15.47,0,146.8
23/07/2020,Russia,10.97,3,110.14
23/07/2020,Indonesia,4.38,0,189.33
24/07/2020,China,2.8,2,60.18
24/07/2020,India,7.88,2,164.87
24/07/2020,China,12.3,1,96.38
24/07/2020,Russia,19.17,0,123.61
24/07/2020,Mexico,17.88,1,121.35
25/07/2020,Indonesia,4.61,0,64.36
25/07/2020,Indonesia,15.35,0,52.29
26/07/2020,Brazil,13.36,4,87.89
27/07/2020,Nigeria,2.13,0,50.69
28/07/2020,Brazil,19.58,0,166.07
28/07/2020,Nigeria,4.76,2,50.76
29/07/2020,China,19.81,0,173.34
29/07/2020,Brazil,11.64,1,133.7
29/07/2020,Germany,6.47,1,110.71
29/07/2020,Mexico,9.4,2,118.66
29/07/2020,Indonesia,14.31,1,125.06
30/07/2020,Brazil,6.49,0,51.55
31/07/2020,USA,19.92,0,144.98
31/07/2020,India,13.72,0,54.63
31/07/2020,India,19.84,1,177.29
02/08/2020,Philippines,10.16,1,186.02
04/08/2020,Indonesia,7.98,2,62.03
04/08/2020,Russia,16.53,0,189.39
05/08/2020,Indonesia,6.21,1,177.37
05/08/2020,Russia,1.78,2,129.6
06/08/2020,Indonesia,1.72,0,148.14
06/08/2020,India,15.9,2,56.63
07/08/2020,Indonesia,6.3,1,150.86
07/08/2020,Russia,11,2,53.38
08/08/2020,Mexico,19.9,0,56.53
09/08/2020,Germany,9.6,2,183.46
09/08/2020,Philippines,15,1,132.69
09/08/2020,China,11.19,1,195.66
09/08/2020,Russia,13.25,0,135.78
09/08/2020,Russia,19.41,2,75.37
10/08/2020,Indonesia,12.36,0,192.9
11/08/2020,Brazil,13.84,3,109.68
11/08/2020,Mexico,19.03,1,110.44
11/08/2020,India,13.24,0,160.34
12/08/2020,Russia,7.04,0,59.52
12/08/2020,India,13.93,2,72.5
13/08/2020,Mexico,7.43,1,63.08
13/08/2020,Mexico,14.25,0,87.81
15/08/2020,Nigeria,3.5,0,109.92
15/08/2020,Nigeria,8.05,0,194.46
15/08/2020,USA,15.14,0,150.08
16/08/2020,India,5.29,3,178
16/08/2020,Mexico,4.65,2,145.3
17/08/2020,Nigeria,2.64,1,90.54
17/08/2020,Mexico,5.14,2,115.17
17/08/2020,Brazil,14.02,1,127.71
18/08/2020,USA,16.51,0,190.01
19/08/2020,Philippines,11.71,0,60.34
20/08/2020,Indonesia,6.22,0,123.62
20/08/2020,Philippines,9.49,1,170.4
20/08/2020,Philippines,3.8,1,150.13
21/08/2020,Philippines,16.76,1,127.41
21/08/2020,Germany,6.91,1,51.01
21/08/2020,Philippines,15.3,0,175.88
22/08/2020,Philippines,5.15,0,196.99
22/08/2020,Nigeria,11.96,0,79.22
22/08/2020,Brazil,17.82,0,72.87
22/08/2020,Philippines,5.72,0,180.16
23/08/2020,Germany,19.11,1,197.32
23/08/2020,Nigeria,18.37,0,56.99
23/08/2020,Nigeria,7.9,2,97.97
23/08/2020,Indonesia,9.08,0,86.45
24/08/2020,Mexico,15.22,1,71.69
24/08/2020,China,11.02,1,57.8
24/08/2020,China,1.92,0,199
25/08/2020,India,14.49,0,75.34
25/08/2020,USA,8.16,1,58.98
26/08/2020,Nigeria,12.67,1,100.28
26/08/2020,Mexico,1.45,0,113.73
28/08/2020,India,6.77,1,149.69
28/08/2020,Indonesia,10.95,0,134.74
29/08/2020,Brazil,19.13,1,100.44
30/08/2020,Russia,15.19,3,105.17
30/08/2020,Nigeria,0.82,1,60.79
30/08/2020,Germany,3.48,2,50.73
31/08/2020,Nigeria,17.13,1,136.78
01/09/2020,Philippines,10.85,1,145.23
02/09/2020,Brazil,5.38,1,94.89
02/09/2020,India,17.58,0,187.77
04/09/2020,China,16.42,1,198.06
04/09/2020,Nigeria,10.61,0,138.51
04/09/2020,Russia,13.75,0,85.53
05/09/2020,Brazil,11.59,1,81.79
05/09/2020,Indonesia,4.61,1,192.42
05/09/2020,Indonesia,15.45,1,113.24
06/09/2020,Philippines,13.19,0,175.45
06/09/2020,Nigeria,18.82,0,109.7
07/09/2020,Russia,16.12,2,199.98
07/09/2020,USA,3.2,1,175.78
07/09/2020,Indonesia,5.95,1,81.13
08/09/2020,Mexico,18.85,3,90.31
10/09/2020,Germany,11.48,1,98.4
11/09/2020,Russia,1.35,3,167.76
11/09/2020,Mexico,14.05,0,54.39
11/09/2020,Nigeria,6.35,3,118.17
12/09/2020,Philippines,19.11,1,82.1
12/09/2020,Philippines,1.76,1,90.03
12/09/2020,USA,12.2,0,88.14
13/09/2020,China,11.01,3,167.42
13/09/2020,Philippines,6.37,0,146.5
14/09/2020,Russia,0.55,2,130.19
14/09/2020,India,12.7,1,95.85
15/09/2020,USA,11.68,1,178.61
15/09/2020,Germany,7.85,0,158.4
15/09/2020,Nigeria,10.35,1,184.09
15/09/2020,Philippines,5.72,0,101.82
15/09/2020,Philippines,2.23,0,107.94
16/09/2020,Indonesia,19.57,0,147.26
16/09/2020,Russia,16.5,0,116.41
17/09/2020,Philippines,17.84,1,179.62
17/09/2020,China,7.1,0,163.81
18/09/2020,Philippines,3.14,1,109.37
18/09/2020,Germany,18.29,2,66.71
18/09/2020,Russia,10.34,3,189.42
19/09/2020,Russia,1.9,1,57.9
19/09/2020,Philippines,0.64,2,175.1
20/09/2020,Mexico,19.88,2,154.69
21/09/2020,Brazil,12.98,2,80.77
21/09/2020,Philippines,7.81,0,55.64
21/09/2020,USA,6.57,0,135.99
22/09/2020,Nigeria,4.62,0,106.73
23/09/2020,China,7.63,1,105.31
23/09/2020,Nigeria,6.52,1,92.24
24/09/2020,Brazil,12.95,1,112.42
24/09/2020,India,18.33,0,55.57
25/09/2020,Nigeria,5.76,2,88.75
25/09/2020,Brazil,9.96,3,82.31
25/09/2020,China,16.98,1,182.69
26/09/2020,Germany,13.32,0,176.08
26/09/2020,Philippines,14.22,0,189.27
27/09/2020,Philippines,15.75,1,194.6
27/09/2020,Philippines,7.95,2,160.57
27/09/2020,China,4.54,1,93.42
28/09/2020,Nigeria,7,0,135.82
29/09/2020,Germany,5.36,3,167.19
30/09/2020,China,5.44,0,113.53
30/09/2020,Mexico,2.16,1,80.47
30/09/2020,Brazil,8.29,0,139.6
01/10/2020,Russia,1.45,2,67.11
01/10/2020,Indonesia,10.96,0,60.43
01/10/2020,USA,12.29,1,149.27
02/10/2020,Mexico,7.5,1,116.05
03/10/2020,Brazil,13.15,1,112.99
04/10/2020,Russia,16.31,0,87.99
04/10/2020,Germany,10.45,3,145.61
04/10/2020,China,6.07,1,103.01
04/10/2020,Brazil,15.46,1,128.13
06/10/2020,Brazil,11.27,0,62.46
07/10/2020,Brazil,3.63,4,193.7
07/10/2020,Russia,12.87,0,189.91
08/10/2020,Germany,1.08,0,78.17
08/10/2020,Indonesia,1.63,4,135.02
08/10/2020,Philippines,11.59,1,158.67
08/10/2020,Germany,8.69,1,99.77
08/10/2020,Mexico,17.31,2,108.08
08/10/2020,Germany,9.94,4,153.91
09/10/2020,Mexico,8.7,3,117.59
10/10/2020,USA,1.59,0,137.47
10/10/2020,Indonesia,12.68,1,147.5
10/10/2020,China,18.92,1,156.39
11/10/2020,Mexico,11.25,1,55.15
11/10/2020,Philippines,14.88,1,161.69
12/10/2020,India,15.32,0,183.14
12/10/2020,Mexico,11.12,2,88.5
13/10/2020,Germany,10.58,0,68.41
13/10/2020,Indonesia,9.85,0,199.54
13/10/2020,Indonesia,18.58,3,186.38
14/10/2020,Philippines,15.5,1,160.87
14/10/2020,China,15.3,2,77.69
15/10/2020,China,12.02,0,183.66
15/10/2020,India,8.28,2,187.52
16/10/2020,Mexico,19.82,0,118.02
17/10/2020,Brazil,16.95,1,124.7
18/10/2020,China,6.08,1,150.52
19/10/2020,USA,6.98,0,142.8
19/10/2020,Germany,7.06,1,113.41
20/10/2020,USA,1.69,2,117.99
20/10/2020,India,4.82,1,88.54
20/10/2020,Nigeria,18.27,0,182.95
21/10/2020,Mexico,14.72,0,86.79
21/10/2020,Brazil,13.35,2,97.35
22/10/2020,Brazil,7.32,1,171.65
22/10/2020,Russia,13.38,1,101.81
22/10/2020,Indonesia,11.68,0,198.51
23/10/2020,Brazil,1.02,2,185.45
23/10/2020,China,2.03,1,66.5
25/10/2020,Germany,11.02,0,153.61
26/10/2020,Nigeria,9.59,1,91.58
26/10/2020,Germany,13.93,3,105.22
26/10/2020,Germany,7.89,2,171.99
28/10/2020,Mexico,5.6,0,165.92
28/10/2020,Mexico,13.08,1,103.62
29/10/2020,Brazil,10.81,1,129.92
29/10/2020,Brazil,18.47,0,89.32
29/10/2020,Russia,19.06,2,58.3
29/10/2020,Mexico,3.24,1,98.88
30/10/2020,Nigeria,2.71,3,152.06
30/10/2020,Germany,15.8,0,108.66
31/10/2020,Russia,19.23,2,115.5
01/11/2020,Russia,17.27,1,59.9
01/11/2020,India,8.9,2,143.31
01/11/2020,India,7.84,0,105.38
01/11/2020,Russia,19.28,0,81.04
01/11/2020,India,17.22,0,135.82
02/11/2020,Russia,2.71,1,164.93
02/11/2020,Germany,6.58,2,170.47
03/11/2020,India,9.5,2,188.44
04/11/2020,Russia,6.42,0,138.8
04/11/2020,Nigeria,11.74,1,186.08
05/11/2020,Russia,6.01,2,167.25
06/11/2020,Mexico,4.59,1,78.01
06/11/2020,Philippines,1.47,3,85.24
07/11/2020,Brazil,18.91,0,55.83
08/11/2020,Mexico,9.91,0,89.01
08/11/2020,Brazil,2.78,0,154.98
08/11/2020,Russia,9.22,0,127.19
09/11/2020,Russia,12.03,0,180.57
09/11/2020,Russia,2.11,2,60.39
09/11/2020,Brazil,12.31,2,150.67
09/11/2020,India,4.84,1,134.06
09/11/2020,Germany,2.14,2,184.22
09/11/2020,Indonesia,4.15,3,117.26
10/11/2020,USA,0.86,3,161.05
11/11/2020,Russia,8.22,0,157.71
11/11/2020,Mexico,19.57,0,113.27
11/11/2020,Indonesia,3.87,1,189.11
12/11/2020,Mexico,2.38,1,56
12/11/2020,USA,9.9,3,193.97
12/11/2020,China,7.63,2,198.85
12/11/2020,Mexico,7.39,0,182.03
13/11/2020,China,3.27,1,182.51
13/11/2020,Mexico,8.78,1,59.97
13/11/2020,Brazil,14.38,1,133.14
14/11/2020,Germany,15.98,3,119.77
14/11/2020,Mexico,2.99,2,162.16
14/11/2020,Brazil,11.41,0,167.74
16/11/2020,Germany,16.01,0,83.3
17/11/2020,Indonesia,4.82,0,78.15
18/11/2020,Philippines,12.72,1,170.98
18/11/2020,Mexico,15.8,1,112.21
18/11/2020,China,16.81,1,173.83
18/11/2020,Mexico,11.37,0,62.16
19/11/2020,Indonesia,2,0,190.96
19/11/2020,Germany,0.81,1,170.93
19/11/2020,Russia,7.96,1,176.65
19/11/2020,Philippines,3.87,1,55.36
19/11/2020,Mexico,13.61,3,193.3
20/11/2020,Philippines,4.94,0,95.79
21/11/2020,Brazil,11.83,2,181.08
21/11/2020,Brazil,7.17,2,181.54
22/11/2020,China,18.9,0,153.66
22/11/2020,Mexico,1.6,0,60.48
22/11/2020,India,11.34,0,82.82
23/11/2020,Mexico,2.91,0,132.04
23/11/2020,USA,13.34,2,191.07
23/11/2020,Mexico,17.39,2,138.3
23/11/2020,Germany,2.72,0,54.01
24/11/2020,Indonesia,14.58,0,133.65
25/11/2020,USA,14.3,0,108.38
26/11/2020,Brazil,9.7,0,167.44
26/11/2020,Nigeria,17.42,1,158.48
27/11/2020,Mexico,9.88,2,147.02
27/11/2020,Mexico,16.65,0,54.36
28/11/2020,Russia,3.16,0,170.76
28/11/2020,Brazil,19.36,2,148.21
28/11/2020,Brazil,4.92,3,128.5
28/11/2020,Russia,5.26,0,109.97
29/11/2020,Indonesia,15.3,0,116.69
30/11/2020,Germany,18.63,0,57.66
01/12/2020,Germany,15.55,2,179.54
02/12/2020,India,13.64,2,154.15
02/12/2020,Mexico,8.35,1,122.82
03/12/2020,China,5.36,2,107.63
03/12/2020,India,18.1,0,174.27
04/12/2020,Brazil,16.79,3,130.12
04/12/2020,India,17.77,1,172.29
05/12/2020,Russia,5.52,0,51.56
05/12/2020,India,6.18,0,104.67
06/12/2020,Nigeria,17.51,1,98.64
06/12/2020,Germany,10.6,0,129.09
07/12/2020,India,2.07,1,160.29
09/12/2020,India,1.11,0,100.52
10/12/2020,China,5.87,2,76.56
11/12/2020,Germany,12.24,1,131.38
13/12/2020,Brazil,16.21,0,115.15
14/12/2020,China,17.26,0,156.13
15/12/2020,Russia,15.31,2,115.11
16/12/2020,Indonesia,12.32,4,135.01
16/12/2020,Russia,4.17,0,137.26
17/12/2020,Russia,4.98,0,197.68
19/12/2020,Mexico,15.58,1,151.18
19/12/2020,Germany,16.15,0,119.41
20/12/2020,China,5.32,0,198.87
21/12/2020,Nigeria,8.86,1,186.25
21/12/2020,Mexico,10.12,2,109.64
22/12/2020,Philippines,17.67,0,145.98
22/12/2020,China,18.82,4,189.58
22/12/2020,Mexico,10.97,0,101.17
23/12/2020,Indonesia,4.7,2,145.8
24/12/2020,Mexico,6.12,2,191.44
24/12/2020,Philippines,1.62,2,123.37
24/12/2020,Russia,11.52,0,95.49
24/12/2020,Indonesia,8.84,0,171.84
24/12/2020,India,4.6,1,114.36
25/12/2020,Indonesia,10.12,0,50.43
25/12/2020,Russia,1.48,0,171.39
25/12/2020,Nigeria,7.64,1,62.56
26/12/2020,India,19.21,2,155.09
26/12/2020,Mexico,11.18,1,52.41
26/12/2020,China,10.84,0,70.24
28/12/2020,Philippines,11.95,0,109.31
28/12/2020,Mexico,11.39,0,119.81
31/12/2020,Brazil,5.16,1,160.35
31/12/2020,China,5.88,3,89.99
31/12/2020,Germany,8.97,1,128.19
02/01/2021,Russia,3.42,1,75.81
02/01/2021,Germany,10.38,1,151.57
03/01/2021,USA,18.19,0,76.29
03/01/2021,USA,8.38,1,185.22
04/01/2021,China,19.11,1,50.39
04/01/2021,USA,17.23,2,112.4
04/01/2021,Nigeria,5.88,0,193.64
05/01/2021,India,0.62,1,99.21
06/01/2021,Indonesia,13.27,0,112.79
06/01/2021,India,11.45,0,128.78
07/01/2021,Russia,12.85,0,188.72
07/01/2021,USA,14.25,0,81.17
07/01/2021,Russia,9.22,1,141.61
08/01/2021,Russia,17.68,1,197.16
10/01/2021,Nigeria,8.22,2,154.09
11/01/2021,Brazil,9.45,1,120.03
12/01/2021,Brazil,15.13,0,167.09
13/01/2021,USA,14.06,3,123.9
14/01/2021,Indonesia,3.06,0,153.54
15/01/2021,Russia,12.58,3,73.25
16/01/2021,China,4.12,1,156.42
16/01/2021,Philippines,3.03,2,137.01
16/01/2021,India,17.07,0,50.38
17/01/2021,Mexico,14.37,2,199.74
18/01/2021,India,11.06,1,146.17
19/01/2021,India,5.65,0,115.7
20/01/2021,Nigeria,13.37,1,91.05
21/01/2021,USA,16.25,0,181.44
21/01/2021,USA,18.56,1,143.87
23/01/2021,Brazil,4.01,2,116.65
23/01/2021,Russia,15.75,2,168.8
23/01/2021,Nigeria,12.21,2,175.8
24/01/2021,China,18.94,1,159.66
24/01/2021,India,6.96,2,130.01
24/01/2021,Mexico,5.72,1,83.64
24/01/2021,Russia,0.9,3,58.57
25/01/2021,Nigeria,8.99,0,174.48
25/01/2021,Philippines,14.89,1,125.56
26/01/2021,Nigeria,16.03,1,134.32
26/01/2021,India,18.45,2,112.25
27/01/2021,China,7.13,1,115.29
27/01/2021,Mexico,2.95,1,158.47
27/01/2021,Russia,3.4,1,81.47
28/01/2021,Philippines,7.87,1,77.38
28/01/2021,Nigeria,0.7,4,177.84
28/01/2021,Brazil,8.18,1,188.09
29/01/2021,Germany,15.69,0,164.23
29/01/2021,China,7.43,1,114.2
30/01/2021,Russia,11.28,1,98.16
30/01/2021,Mexico,10.81,0,150.1
01/02/2021,Nigeria,2.31,1,97.59
01/02/2021,Nigeria,14.72,0,109.97
01/02/2021,USA,1.59,1,99.54
02/02/2021,Philippines,12.88,1,72.27
02/02/2021,Mexico,11.99,0,146.92
06/02/2021,Indonesia,11.31,1,118.83
07/02/2021,China,11.91,1,168.28
08/02/2021,Indonesia,3.78,0,123.04
09/02/2021,USA,1.08,1,77.21
10/02/2021,Germany,13.29,2,151.62
11/02/2021,Philippines,16.93,2,53.96
11/02/2021,Nigeria,5.65,2,80.83
11/02/2021,Brazil,7.51,0,53.8
11/02/2021,USA,16.28,3,128.66
11/02/2021,Indonesia,15.75,2,52.8
12/02/2021,Germany,5.28,2,145.03
12/02/2021,China,14.64,0,52.69
12/02/2021,India,9.92,1,187.42
12/02/2021,Nigeria,18.98,1,107.43
12/02/2021,Mexico,2.02,3,152.69
13/02/2021,India,2.5,0,104.68
15/02/2021,Indonesia,10.25,3,166.34
15/02/2021,Philippines,18.86,4,62.67
15/02/2021,Philippines,17.61,2,114.66
16/02/2021,India,3.25,1,99.31
17/02/2021,Brazil,1.77,0,121.71
18/02/2021,Brazil,14.61,2,184.82
20/02/2021,Russia,3.98,2,194.86
20/02/2021,Nigeria,11.64,1,126.09
20/02/2021,Brazil,16.67,0,147.78
21/02/2021,Germany,4.38,0,126.4
21/02/2021,Russia,1.77,0,139.25
22/02/2021,Mexico,13.99,1,93.52
22/02/2021,Germany,13.91,1,156.54
24/02/2021,Nigeria,8.76,0,92.89
24/02/2021,Brazil,8.47,0,102.41
26/02/2021,Brazil,13.47,0,92.11
27/02/2021,Germany,12.66,0,129.39
28/02/2021,Philippines,11.22,1,74.22
28/02/2021,Mexico,7.13,0,125.66
28/02/2021,India,18.21,0,135.63
01/03/2021,China,3.39,0,56.96
05/03/2021,Mexico,15.65,0,199.75
06/03/2021,Indonesia,13.12,3,189.14
06/03/2021,Indonesia,18.29,1,154.12
07/03/2021,Russia,9.5,0,106.63
07/03/2021,China,14.25,0,166.39
08/03/2021,China,5.15,1,183.33
08/03/2021,India,18.69,2,56.06
08/03/2021,China,15.1,2,101.96
09/03/2021,Brazil,15.35,1,83.53
09/03/2021,Brazil,6.64,1,173.01
10/03/2021,India,1.6,0,180.2
10/03/2021,USA,13.9,1,179.38
11/03/2021,Indonesia,9.12,2,53.05
11/03/2021,Germany,12.09,0,104.61
12/03/2021,Indonesia,10.39,1,167.68
13/03/2021,USA,8.67,1,116.64
13/03/2021,Russia,6.29,0,173.42
14/03/2021,Mexico,19.48,1,197.41
14/03/2021,India,5.21,1,163.33
14/03/2021,USA,11.12,5,62.48
14/03/2021,Indonesia,8.79,2,176.74
15/03/2021,Philippines,19.45,0,156
16/03/2021,Brazil,16.94,1,52.36
16/03/2021,Brazil,13.04,1,170.93
16/03/2021,USA,13.98,1,133.18
16/03/2021,Germany,5.3,0,152
17/03/2021,India,12.67,2,151.87
17/03/2021,Mexico,0.64,2,109.04
18/03/2021,China,19.06,0,52.62
19/03/2021,Brazil,6.9,1,122.53
20/03/2021,Russia,19.39,2,193.09
20/03/2021,Mexico,5.34,0,76
21/03/2021,Germany,19.86,0,76.71
22/03/2021,Philippines,12.64,1,172.37
22/03/2021,Germany,11.84,3,153.26
23/03/2021,India,19.02,0,141.92
23/03/2021,Germany,6.59,3,50.06
24/03/2021,Germany,13.13,2,88.37
24/03/2021,Russia,2.03,0,122.88
24/03/2021,Russia,7.33,1,169.37
25/03/2021,India,9.7,2,74.8
25/03/2021,USA,18.57,0,108.98
25/03/2021,Philippines,4.82,2,59.15
27/03/2021,China,0.98,1,68.48
27/03/2021,Russia,16.85,0,192.06
27/03/2021,Philippines,9.06,0,125.34
27/03/2021,Mexico,18.59,2,58.76
28/03/2021,Philippines,16.85,1,188.65
28/03/2021,Germany,11.45,1,81.07
29/03/2021,India,18.71,0,133.87
29/03/2021,USA,3.28,3,152.7
29/03/2021,Mexico,6.4,1,165.35
29/03/2021,India,14.92,2,93.77
30/03/2021,India,18.92,1,88.13
31/03/2021,Nigeria,7.6,1,112.14
01/04/2021,Germany,11.75,1,152.69
01/04/2021,USA,15.5,1,97.61
02/04/2021,Philippines,3.9,0,92.7
04/04/2021,Russia,1.39,1,171.01
04/04/2021,Nigeria,17.41,0,166.47
04/04/2021,India,17.78,0,147.56
04/04/2021,Indonesia,9.18,0,114.73
05/04/2021,Indonesia,13.04,0,186.99
05/04/2021,Nigeria,15.41,2,176.23
05/04/2021,Mexico,2.29,2,121.56
05/04/2021,China,2.32,1,66.51
05/04/2021,Russia,18.06,1,149.55
06/04/2021,Indonesia,12,0,98.22
06/04/2021,Russia,5.49,0,159.14
07/04/2021,Germany,18.83,0,83.31
07/04/2021,Germany,5.16,2,61.13
07/04/2021,Germany,6.37,0,94.32
08/04/2021,Russia,4.57,0,103.53
08/04/2021,Indonesia,2.09,0,94.31
10/04/2021,Nigeria,16.35,0,141.31
10/04/2021,USA,14.85,1,77.23
11/04/2021,China,13.59,0,185.49
11/04/2021,India,3.78,1,93.35
11/04/2021,USA,8.96,1,88.39
12/04/2021,Indonesia,19.45,3,167.34
13/04/2021,Brazil,16.28,1,72.16
13/04/2021,Mexico,10.47,0,89.61
14/04/2021,Russia,4.02,2,172.63
15/04/2021,Russia,6.1,0,132.33
16/04/2021,Mexico,8.76,0,93.21
16/04/2021,Philippines,6.12,1,52.46
16/04/2021,Indonesia,8.34,1,51.34
17/04/2021,Mexico,5.9,4,191.67
18/04/2021,Indonesia,13.06,1,103.69
19/04/2021,Russia,7.53,1,119.36
20/04/2021,Mexico,13.01,3,135.47
20/04/2021,Nigeria,3.03,2,166.17
21/04/2021,USA,8.66,1,64.59
21/04/2021,Germany,12.36,1,102.05
21/04/2021,Mexico,0.73,0,116.63
22/04/2021,Brazil,2.26,1,113.25
23/04/2021,Indonesia,19.54,1,195.74
23/04/2021,China,8.06,1,139.95
23/04/2021,Russia,12.08,1,56.09
24/04/2021,Nigeria,12.56,1,79.42
24/04/2021,Indonesia,12.45,1,172.34
24/04/2021,China,4.6,1,190.72
25/04/2021,Brazil,16.76,1,100.54
25/04/2021,Germany,7.65,1,51.52
25/04/2021,Germany,5.49,1,121.11
26/04/2021,Philippines,6.06,0,106.11
26/04/2021,India,2.69,1,120.53
27/04/2021,India,3.62,2,94.75
27/04/2021,Nigeria,19.08,0,118.77
28/04/2021,India,7.75,0,53.16
28/04/2021,USA,11.43,3,81.03
28/04/2021,Philippines,8.97,2,55.01
28/04/2021,Mexico,16.09,1,170.78
29/04/2021,Russia,19.04,4,195.71
29/04/2021,Russia,17.58,3,137.76
29/04/2021,Indonesia,2.45,0,168.02
30/04/2021,Russia,13.13,2,147.7
30/04/2021,Germany,16.91,1,110.94
01/05/2021,India,12.29,2,184.69
01/05/2021,China,8.39,4,131.41
02/05/2021,China,5.9,2,54.86
02/05/2021,Indonesia,2.54,3,159.12
03/05/2021,Philippines,19.32,1,160.31
03/05/2021,Mexico,10.85,0,86.75
03/05/2021,Germany,0.87,1,116.01
04/05/2021,Russia,15.47,1,70.88
04/05/2021,Germany,12.7,0,59.49
04/05/2021,Brazil,4.26,4,139.11
05/05/2021,Philippines,19.46,0,142.3
05/05/2021,Indonesia,7.42,0,123.1
05/05/2021,Philippines,11.37,2,198.91
06/05/2021,Brazil,7.72,1,74.36
07/05/2021,Germany,14.76,0,64.8
07/05/2021,Mexico,0.57,0,182.24
07/05/2021,USA,11.37,0,162.32
08/05/2021,Nigeria,13.72,2,76.81
08/05/2021,Mexico,1.13,1,63.8
08/05/2021,India,14.94,1,88.77
08/05/2021,China,1.82,1,100.06
08/05/2021,Germany,8.46,1,79.04
09/05/2021,China,13.21,1,151.52
10/05/2021,Russia,13.17,0,102.68
10/05/2021,Philippines,15.99,0,137.73
11/05/2021,Brazil,12.8,1,161.35
11/05/2021,Nigeria,1.41,0,77.87
12/05/2021,Indonesia,19.01,0,63.41
12/05/2021,Indonesia,14.43,0,158.97
12/05/2021,India,8.37,1,78.7
13/05/2021,Nigeria,12.06,0,188.24
13/05/2021,Brazil,3.67,1,118.85
13/05/2021,Nigeria,1.01,0,170.48
14/05/2021,India,13.11,0,154.69
14/05/2021,Russia,18.4,1,147.5
14/05/2021,Germany,6.7,1,156.49
15/05/2021,Mexico,13.41,0,62.97
15/05/2021,India,15.41,2,61.53
16/05/2021,Philippines,12.63,3,176.96
16/05/2021,Mexico,0.89,1,123.89
16/05/2021,Russia,19.87,0,186.56
16/05/2021,Germany,17.47,2,51.98
16/05/2021,Germany,14.48,0,73.79
17/05/2021,Russia,8.66,1,122.33
19/05/2021,Nigeria,13.69,3,121.59
19/05/2021,Russia,16.88,0,103.01
20/05/2021,China,6.08,0,145.9
21/05/2021,Mexico,5.61,1,103.11
21/05/2021,Indonesia,10.14,0,70.19
21/05/2021,Nigeria,15.57,1,183.75
21/05/2021,Russia,10.21,1,129.98
22/05/2021,Brazil,9.38,0,180.28
22/05/2021,Nigeria,3.6,0,162.89
22/05/2021,Philippines,19.6,1,174.08
23/05/2021,Mexico,6.4,0,175.95
23/05/2021,India,2.64,0,136.32
23/05/2021,Philippines,17.59,1,172.24
23/05/2021,Germany,4.87,0,79.65
24/05/2021,Indonesia,10.3,1,186.06
25/05/2021,China,10.25,1,95.3
26/05/2021,Russia,5.84,1,102.19
26/05/2021,Brazil,19.24,1,82.89
26/05/2021,Indonesia,5.92,1,176.1
27/05/2021,China,4.07,2,148.17
27/05/2021,Germany,7.48,2,188.02
27/05/2021,USA,18.32,0,189.12
28/05/2021,Indonesia,7.73,0,194.74
28/05/2021,USA,5.77,3,109.28
28/05/2021,USA,5.01,1,62.8
29/05/2021,Brazil,5.58,1,73.26
29/05/2021,Philippines,13.06,4,185.71
29/05/2021,USA,0.51,1,70.11
31/05/2021,India,6.23,5,108.41
31/05/2021,Mexico,9.07,0,155.98
31/05/2021,Indonesia,9.24,1,164.7
01/06/2021,Indonesia,1.49,2,169.15
02/06/2021,Germany,15.74,1,128.33
03/06/2021,Brazil,3.26,1,130.88
04/06/2021,Mexico,3.33,0,161.5
05/06/2021,India,6.39,1,146.52
05/06/2021,China,2.83,0,98.48
06/06/2021,Mexico,8.11,0,74.25
06/06/2021,Indonesia,16.91,0,59.58
06/06/2021,USA,2.29,1,53.77
07/06/2021,India,5.5,2,196.31
08/06/2021,Russia,10.84,0,51.07
08/06/2021,Russia,5.11,1,74.08
08/06/2021,Mexico,1.5,2,122.84
09/06/2021,Philippines,1.14,0,128.64
10/06/2021,Germany,18.04,0,159.73
10/06/2021,Indonesia,18.75,1,196.12
13/06/2021,Brazil,12.94,1,81.42
14/06/2021,USA,4.2,2,72.34
16/06/2021,Mexico,2.43,1,132.84
17/06/2021,India,9.78,0,61.67
18/06/2021,USA,7.83,2,156.12
18/06/2021,India,2.53,1,151.43
18/06/2021,China,4.55,1,113.64
19/06/2021,Philippines,12.39,0,84.51
20/06/2021,Indonesia,14.54,1,137.71
20/06/2021,Nigeria,10.23,1,165.26
20/06/2021,Brazil,18.42,0,96.86
22/06/2021,Russia,14.73,1,81.06
23/06/2021,Indonesia,15.4,0,178.76
24/06/2021,Philippines,15.71,1,52.68
25/06/2021,USA,5.74,1,75.28
25/06/2021,Indonesia,9.68,1,133.85
25/06/2021,Brazil,10.95,1,185.14
25/06/2021,India,18.93,2,143.31
25/06/2021,Brazil,17.55,1,75.98
25/06/2021,USA,8.51,2,153.53
25/06/2021,Germany,19.54,2,166.73
26/06/2021,Philippines,19.61,1,58.27
26/06/2021,Philippines,15.57,1,151.9
26/06/2021,Mexico,12.99,0,165.05
26/06/2021,India,13.73,1,61.41
27/06/2021,Philippines,10.78,2,139.06
27/06/2021,USA,13.14,1,182.54
27/06/2021,China,16.39,0,154.88
27/06/2021,Mexico,17.53,2,158.52
27/06/2021,Russia,16.28,1,157.83
27/06/2021,Philippines,14.26,1,86.94
28/06/2021,Brazil,18.47,2,158.38
30/06/2021,Brazil,18.9,0,108.91
30/06/2021,India,15.88,1,121.01
30/06/2021,Indonesia,13.32,2,115.28
30/06/2021,Russia,0.68,4,167.82
30/06/2021,Philippines,4.45,0,139.49
30/06/2021,Mexico,9.14,3,163.36
01/07/2021,USA,11.04,1,162.9
01/07/2021,India,3.43,0,156.53
01/07/2021,Germany,5.64,0,191.29
02/07/2021,China,12.07,1,61.65
03/07/2021,India,3.21,1,169.42
05/07/2021,USA,16.8,0,117.36
06/07/2021,Philippines,11.04,3,118.59
07/07/2021,India,14.79,2,130.14
08/07/2021,Brazil,5.86,2,142.91
09/07/2021,Brazil,18.39,4,132.94
10/07/2021,Brazil,8.82,2,193.34
10/07/2021,India,10.01,2,68.48
11/07/2021,Russia,10.8,1,128.54
11/07/2021,Philippines,3.67,0,96.61
11/07/2021,Philippines,6.27,0,199.69
12/07/2021,China,4.81,3,102.96
12/07/2021,USA,4.31,1,137.23
12/07/2021,Brazil,19.02,1,93.39
12/07/2021,Brazil,16.53,0,80.28
13/07/2021,Philippines,9.34,0,99.9
13/07/2021,Mexico,17.63,0,133.44
13/07/2021,Indonesia,12.75,1,64.39
13/07/2021,Russia,19.62,1,76.83
14/07/2021,Indonesia,9.42,1,105.49
15/07/2021,Philippines,15.54,1,151.66
16/07/2021,Indonesia,10.96,1,142.35
16/07/2021,Mexico,6.4,0,172.39
16/07/2021,Brazil,15.97,0,76.99
16/07/2021,Philippines,5.85,2,171.48
16/07/2021,Nigeria,14.49,1,188.42
17/07/2021,Russia,7.46,1,103.58
17/07/2021,Philippines,1.45,0,114.04
17/07/2021,India,4.92,1,129.64
18/07/2021,Russia,3.2,1,73.94
19/07/2021,Brazil,8.66,2,137.13
19/07/2021,Germany,10.61,4,79.55
19/07/2021,China,4.38,0,112.13
20/07/2021,USA,3.8,2,74.66
20/07/2021,Philippines,10.22,0,168.4
21/07/2021,India,3.41,0,140.25
21/07/2021,Nigeria,6.38,0,59.51
23/07/2021,Mexico,19.3,1,73.46
23/07/2021,Germany,0.54,0,118.35
23/07/2021,Indonesia,11.2,0,181.33
23/07/2021,China,2.49,1,188.67
23/07/2021,Nigeria,5.37,1,174.76
24/07/2021,Russia,6.68,1,178.2
24/07/2021,Germany,11.86,0,99.49
24/07/2021,Germany,4.6,1,101.53
24/07/2021,USA,11.18,2,134.57
24/07/2021,Brazil,4.4,0,166.92
25/07/2021,Germany,19.85,0,194.13
25/07/2021,Nigeria,15.89,0,163.23
25/07/2021,USA,3.09,0,184.69
26/07/2021,China,16.49,0,88.9
26/07/2021,USA,17,2,151.22
26/07/2021,Mexico,5.84,0,73.61
30/07/2021,Mexico,2.13,0,155.65
31/07/2021,Germany,0.61,1,172.43
31/07/2021,India,15.39,1,63.85
02/08/2021,China,1.7,2,105.2
02/08/2021,USA,5.97,2,101.66
02/08/2021,Nigeria,9.77,2,108.37
02/08/2021,USA,11.88,2,82.36
03/08/2021,USA,7.14,1,150.82
04/08/2021,Mexico,3,1,141
04/08/2021,Mexico,6.34,1,141.19
04/08/2021,Mexico,19.96,3,192.97
05/08/2021,USA,4.05,0,51.07
05/08/2021,Nigeria,9.74,1,109.41
06/08/2021,Nigeria,10.1,1,113.98
06/08/2021,Mexico,12.39,2,154.92
06/08/2021,China,10.89,2,93.3
07/08/2021,Philippines,2.61,0,99.97
07/08/2021,Russia,17.03,0,140.3
07/08/2021,India,1.47,0,176.03
08/08/2021,Russia,17.39,1,164.83
08/08/2021,Germany,19.84,0,171.72
08/08/2021,Philippines,17.89,2,136.99
09/08/2021,India,9.76,2,69.42
10/08/2021,Indonesia,18.71,2,195.73
10/08/2021,Mexico,7.51,0,67.88
10/08/2021,Nigeria,14.4,0,197.06
10/08/2021,Germany,7.09,1,101.65
11/08/2021,India,0.6,3,90.67
11/08/2021,Germany,17.2,0,69.18
12/08/2021,Nigeria,14.16,3,138.19
12/08/2021,Germany,5.58,1,139.42
12/08/2021,Philippines,9.98,0,170.07
12/08/2021,Germany,3.7,3,198.58
12/08/2021,USA,17.36,1,53.28
13/08/2021,Indonesia,10.21,2,128.02
13/08/2021,Germany,18.63,4,171.66
13/08/2021,Nigeria,13.04,0,169.99
14/08/2021,Mexico,18.61,1,134.07
14/08/2021,Nigeria,18.23,0,95.15
14/08/2021,Mexico,13.38,1,118.22
15/08/2021,Germany,8.92,0,62.11
15/08/2021,Brazil,15.99,1,97.73
15/08/2021,Brazil,6.91,3,102.07
15/08/2021,Nigeria,16.31,2,122.02
15/08/2021,China,19.27,0,136.97
16/08/2021,USA,11.98,1,74.31
17/08/2021,Russia,10.91,1,83.43
17/08/2021,Brazil,2.76,1,151.97
17/08/2021,USA,19.46,0,119.38
19/08/2021,India,6.84,1,159.75
19/08/2021,China,1.72,1,196.83
20/08/2021,Indonesia,13.67,0,186.9
21/08/2021,Indonesia,11.24,0,112.01
23/08/2021,Indonesia,4.19,0,119.49
23/08/2021,Nigeria,17.29,5,162.37
23/08/2021,Philippines,3.99,1,132.49
24/08/2021,Philippines,14.33,1,185.43
24/08/2021,Russia,12.54,0,68.72
25/08/2021,Russia,9.46,2,193.64
26/08/2021,Russia,15.42,0,160.97
27/08/2021,Nigeria,0.77,4,55.51
27/08/2021,Indonesia,18.26,2,112.45
27/08/2021,Nigeria,2.88,1,97.01
27/08/2021,Germany,11.32,1,81.73
27/08/2021,Nigeria,13.67,1,178.64
28/08/2021,Mexico,7.02,0,105.06
28/08/2021,Philippines,7.15,0,116.24
28/08/2021,Nigeria,13.67,0,117.76
28/08/2021,Philippines,8.86,2,84.9
29/08/2021,Russia,3.58,3,141.06
30/08/2021,Russia,16.3,0,198.32
31/08/2021,India,10.84,0,85.08
01/09/2021,Russia,2.94,1,138.99
01/09/2021,Nigeria,14.76,2,65.39
03/09/2021,USA,8.28,0,159.57
03/09/2021,Indonesia,4.7,2,182.7
03/09/2021,Brazil,5.61,0,76.4
03/09/2021,Nigeria,10.95,0,83.32
03/09/2021,Germany,10.94,1,138.63
03/09/2021,Nigeria,10.14,1,114.37
04/09/2021,Philippines,16.49,2,185.57
04/09/2021,USA,13.94,0,68.82
05/09/2021,Brazil,10.41,1,88
05/09/2021,China,4.07,0,127.6
05/09/2021,China,2.21,0,170.61
06/09/2021,Philippines,15.48,2,73.03
06/09/2021,Nigeria,12.99,4,102.29
06/09/2021,USA,16.88,1,55.65
07/09/2021,Indonesia,18.54,1,71.14
07/09/2021,Germany,14.59,1,123.7
07/09/2021,China,9.24,0,167.83
08/09/2021,Brazil,14.91,1,185.04
08/09/2021,USA,1.13,1,166.8
09/09/2021,China,1.41,1,74.57
09/09/2021,China,6.13,0,179.03
09/09/2021,China,10.54,2,64.17
10/09/2021,Indonesia,11.53,0,179.79
10/09/2021,Nigeria,9.98,2,136.18
10/09/2021,Philippines,12.57,0,177.11
10/09/2021,Nigeria,10.82,0,190.91
10/09/2021,USA,18.33,2,85.49
11/09/2021,Nigeria,13.62,0,137.3
11/09/2021,China,14.78,0,176.95
12/09/2021,Germany,3.94,1,91.38
12/09/2021,USA,0.65,1,86.91
14/09/2021,China,16.32,2,130.66
14/09/2021,China,8.44,0,132.88
14/09/2021,Mexico,10.38,2,160.24
14/09/2021,Philippines,18.25,2,104.93
15/09/2021,Brazil,11.49,1,55.23
17/09/2021,Nigeria,3.27,3,99.94
17/09/2021,USA,1.3,0,140.52
19/09/2021,India,13.33,0,91.41
19/09/2021,India,14.66,0,81.72
19/09/2021,China,16.25,0,68.67
20/09/2021,Mexico,3.93,0,162.35
21/09/2021,Philippines,8.9,1,54.83
21/09/2021,USA,4.04,1,173.65
22/09/2021,China,10.66,1,124.78
23/09/2021,China,17.77,0,60.78
23/09/2021,Indonesia,3.13,0,69.11
23/09/2021,Russia,2.04,1,150.65
23/09/2021,Nigeria,8.91,0,183.64
24/09/2021,Russia,14.88,1,100.61
24/09/2021,India,1.61,1,186.08
24/09/2021,USA,16.64,2,50.21
25/09/2021,Indonesia,12.81,2,171.1
25/09/2021,Philippines,8.35,2,112.41
25/09/2021,Mexico,6.97,1,149.14
26/09/2021,Russia,8.92,0,122.06
27/09/2021,Germany,9.84,0,103.02
27/09/2021,Russia,2.63,1,170.68
27/09/2021,India,15.86,2,184.2
27/09/2021,Philippines,10.11,0,189.93
27/09/2021,China,3.78,1,101.19
28/09/2021,Nigeria,3.15,0,191.43
28/09/2021,China,1.12,1,66.39
29/09/2021,Philippines,6.35,0,188.6
30/09/2021,Nigeria,10.24,1,107.02
30/09/2021,Indonesia,8.52,0,191.94
30/09/2021,Philippines,13.55,1,121.59
01/10/2021,Indonesia,3.47,1,176.08
02/10/2021,Philippines,11.38,1,196.45
02/10/2021,Germany,19.11,0,111.57
02/10/2021,USA,11.95,1,108.26
02/10/2021,Russia,2.56,0,68.35
03/10/2021,Russia,8.23,0,126.5
04/10/2021,Indonesia,8.74,1,129.26
04/10/2021,Mexico,3.96,2,95.61
04/10/2021,Philippines,14.71,2,164.42
04/10/2021,China,5.28,3,161.75
04/10/2021,Philippines,18.98,1,73.13
05/10/2021,Philippines,14.89,0,130.7
05/10/2021,Germany,1.25,2,97.84
06/10/2021,Russia,10.81,0,56.11
06/10/2021,India,13.94,1,74.83
08/10/2021,India,6,1,51.52
08/10/2021,Brazil,3.57,1,133.41
08/10/2021,Brazil,16.02,2,144.1
09/10/2021,China,14.05,2,161.53
09/10/2021,Indonesia,12.06,1,193.98
09/10/2021,Russia,8.7,0,148.44
10/10/2021,Indonesia,8.11,2,78.8
11/10/2021,China,11.5,4,117.48
11/10/2021,China,15.57,0,137.1
11/10/2021,Brazil,15.37,0,159.6
13/10/2021,China,13.79,0,51.65
14/10/2021,Nigeria,14.34,1,142.47
14/10/2021,Russia,10.58,2,197.93
14/10/2021,USA,5.57,0,116.63
15/10/2021,Russia,9.19,2,115.58
15/10/2021,Indonesia,11.7,1,117.49
15/10/2021,India,18.11,0,84.47
16/10/2021,Nigeria,6.31,2,122.48
16/10/2021,Philippines,5.76,1,154.21
18/10/2021,India,15.94,1,167.93
19/10/2021,Philippines,15.95,1,59.74
19/10/2021,Mexico,13.85,0,138.97
19/10/2021,Nigeria,6.21,0,113.01
20/10/2021,Mexico,10.91,1,97.15
21/10/2021,Russia,8.54,0,133.68
21/10/2021,Philippines,1.6,1,148.43
21/10/2021,Germany,2.19,0,144.16
22/10/2021,Mexico,18.64,2,103.65
22/10/2021,USA,16.04,0,68.41
22/10/2021,Indonesia,4.99,0,177.9
23/10/2021,USA,8.97,2,82.96
24/10/2021,Germany,17.9,3,88.59
24/10/2021,Brazil,6.01,0,64.24
25/10/2021,Russia,13.81,2,61.93
25/10/2021,Germany,8.35,1,79.44
26/10/2021,Mexico,10.61,2,75.05
26/10/2021,Russia,17.92,0,114.63
26/10/2021,Indonesia,19.9,0,93.68
27/10/2021,Indonesia,15.86,1,194.11
27/10/2021,Brazil,14.02,0,175.54
27/10/2021,Brazil,2.4,0,116.13
27/10/2021,Nigeria,11.16,0,184.35
30/10/2021,India,14.13,0,88.41
31/10/2021,Philippines,13.07,1,81.31
31/10/2021,China,18.98,1,181.63
01/11/2021,Germany,13.58,2,137.47
01/11/2021,India,18.92,1,51.26
02/11/2021,Indonesia,7.04,1,185.87
02/11/2021,Indonesia,18.8,1,153.58
02/11/2021,Indonesia,7.17,1,117.94
02/11/2021,Germany,4.6,0,173.6
02/11/2021,India,16.76,3,87.27
02/11/2021,India,2.44,0,91.89
03/11/2021,Mexico,7.2,1,153.04
03/11/2021,Russia,5.52,0,114.37
03/11/2021,Germany,7.66,4,97.12
03/11/2021,China,10.76,0,153.53
06/11/2021,Germany,9.52,2,96.52
06/11/2021,India,15.72,2,88.21
06/11/2021,Philippines,16.69,0,199.5
06/11/2021,China,12.93,1,129.92
07/11/2021,Nigeria,17.25,2,165.24
07/11/2021,USA,1.83,2,140.21
07/11/2021,Philippines,2.68,1,113.52
07/11/2021,USA,9.6,3,121.66
08/11/2021,Nigeria,8.37,0,123.94
08/11/2021,Germany,7.34,0,116.97
08/11/2021,Mexico,1.86,1,76.81
09/11/2021,India,6.53,1,191
09/11/2021,Germany,5.72,2,143.04
10/11/2021,Germany,12.86,0,105.84
10/11/2021,Indonesia,4.25,0,140.89
11/11/2021,Russia,19.57,1,92.07
11/11/2021,Nigeria,10.16,1,85.44
11/11/2021,China,6.04,0,103.2
13/11/2021,Philippines,0.8,1,136.57
13/11/2021,Brazil,1.61,1,67.6
13/11/2021,Mexico,16.34,0,85.01
13/11/2021,Mexico,10.21,0,117.2
14/11/2021,Philippines,12.27,1,135.67
14/11/2021,Philippines,1.94,0,96.17
16/11/2021,Russia,2.83,2,85.9
17/11/2021,Nigeria,13.11,0,65.81
17/11/2021,China,6.28,1,154.15
17/11/2021,Nigeria,0.81,3,99.83
18/11/2021,Brazil,13.13,1,143.65
19/11/2021,Philippines,16.22,0,144.86
19/11/2021,Brazil,9.66,0,143.55
19/11/2021,Brazil,9.72,2,137.39
20/11/2021,Germany,19.26,1,97.4
20/11/2021,Russia,11.39,1,58.17
21/11/2021,Russia,2.86,1,152.21
22/11/2021,Brazil,14.86,1,179.07
22/11/2021,Philippines,14.55,0,111.06
23/11/2021,Indonesia,15.53,0,156.62
23/11/2021,Russia,5.19,2,162.52
24/11/2021,China,13.62,1,133.6
24/11/2021,India,16.79,0,186.54
24/11/2021,China,12.84,1,147.51
25/11/2021,Germany,14.29,5,196.72
25/11/2021,India,7.46,0,73.25
25/11/2021,Mexico,4.01,0,137.75
25/11/2021,China,7.97,1,78.93
26/11/2021,Philippines,17.54,2,103.76
26/11/2021,Germany,12.09,1,162.92
27/11/2021,Mexico,2.41,1,158.75
27/11/2021,China,16.65,4,162.18
27/11/2021,China,19.9,0,190.13
27/11/2021,Philippines,10.87,3,148.02
28/11/2021,Germany,6.4,1,82.47
28/11/2021,China,10.83,0,107.46
29/11/2021,Nigeria,11.88,0,103.65
29/11/2021,Brazil,16.37,1,159.91
30/11/2021,Philippines,18.77,0,117.38
02/12/2021,Philippines,4.87,3,78.65
03/12/2021,Indonesia,5.63,0,169.81
04/12/2021,USA,2.29,1,165.37
05/12/2021,India,11.19,0,57
05/12/2021,Mexico,15.38,2,76.8
06/12/2021,Nigeria,11.58,2,65.43
06/12/2021,Philippines,11.33,1,70.9
06/12/2021,USA,10.67,1,122.88
07/12/2021,Russia,12.35,2,98.43
07/12/2021,USA,13.56,2,60.71
07/12/2021,Nigeria,11.87,3,156.28
07/12/2021,USA,5.05,0,140.95
08/12/2021,Germany,1.97,2,111.82
08/12/2021,Philippines,16.95,1,55.51
08/12/2021,Indonesia,17.56,0,73.71
09/12/2021,USA,1.5,0,127.02
09/12/2021,China,5.32,1,176.3
10/12/2021,USA,9.61,1,103.83
12/12/2021,Mexico,11.34,2,111.17
12/12/2021,Indonesia,15.32,1,72.09
13/12/2021,India,4.02,1,131.92
13/12/2021,India,7.2,0,99.7
15/12/2021,Germany,18.04,0,70.3
15/12/2021,Nigeria,10,2,56.26
16/12/2021,Mexico,7.88,0,68.05
16/12/2021,China,2.87,2,74.06
17/12/2021,India,14.7,1,162.02
17/12/2021,Russia,4.51,0,104.81
17/12/2021,Indonesia,6.5,3,55.18
18/12/2021,Indonesia,2.16,0,107.56
19/12/2021,India,12.45,1,186.07
20/12/2021,Russia,7.57,0,162.48
20/12/2021,Mexico,0.61,2,126.42
20/12/2021,Mexico,11.25,2,68.71
21/12/2021,Nigeria,9.81,2,118.37
21/12/2021,India,16.81,2,133.4
21/12/2021,Brazil,1.02,0,99.39
21/12/2021,Nigeria,14.42,0,181.23
22/12/2021,Mexico,10.72,0,133.23
22/12/2021,Philippines,10.41,1,163.08
23/12/2021,Mexico,6.17,0,56.3
23/12/2021,China,6.95,1,170.8
23/12/2021,Brazil,1.28,1,82.17
25/12/2021,Brazil,0.74,0,198.4
25/12/2021,China,1.58,0,159.51
26/12/2021,Russia,10.14,0,61.19
26/12/2021,Germany,10.61,1,131.61
26/12/2021,USA,16.43,0,111.41
27/12/2021,Russia,15.12,1,165.53
28/12/2021,India,15.01,1,145.77
01/01/2022,India,1.91,1,197.31
01/01/2022,Indonesia,15.41,0,184.17
02/01/2022,Brazil,5.82,1,100.23
03/01/2022,Nigeria,6.47,0,70.76
04/01/2022,Russia,2.36,2,177.03
04/01/2022,China,16.36,1,139.3
05/01/2022,Russia,12.32,2,63.63
05/01/2022,USA,5.4,0,172.39
06/01/2022,Philippines,7.03,1,75.71
08/01/2022,Brazil,10.74,1,136.71
09/01/2022,Nigeria,12.74,1,64.5
09/01/2022,India,6.69,1,73.63
10/01/2022,USA,10.32,1,76.8
10/01/2022,Philippines,11.15,1,52.38
10/01/2022,Indonesia,17.91,0,119.39
10/01/2022,Indonesia,1.15,1,104.83
11/01/2022,Philippines,1.46,0,138.88
11/01/2022,Indonesia,3.34,3,113.95
11/01/2022,Mexico,3.36,0,58.21
11/01/2022,Germany,5.59,2,139.96
11/01/2022,Mexico,19.4,1,187.5
11/01/2022,Nigeria,4.47,2,66.17
12/01/2022,Germany,13.67,2,163.5
12/01/2022,Mexico,10.61,1,127.29
12/01/2022,Russia,2.16,2,159.35
13/01/2022,Philippines,8.96,2,133.63
14/01/2022,China,17.85,0,152.64
15/01/2022,Nigeria,15.61,0,120.57
15/01/2022,China,10.77,2,161.84
16/01/2022,Philippines,5.94,1,147.88
16/01/2022,China,18.57,2,163
17/01/2022,Germany,7.27,0,56.8
17/01/2022,Philippines,19.9,0,178.03
18/01/2022,Nigeria,19.33,1,132.35
19/01/2022,India,2.5,1,190.87
19/01/2022,Nigeria,5.65,0,77.04
19/01/2022,Russia,19.59,3,166.01
19/01/2022,Brazil,16.6,2,107.34
20/01/2022,Nigeria,1.27,1,102.59
21/01/2022,Nigeria,10.19,1,54.19
22/01/2022,Philippines,19.74,0,194.21
22/01/2022,Germany,5.54,3,81.07
22/01/2022,India,17.54,3,194.43
22/01/2022,Russia,11.3,0,72.59
23/01/2022,Mexico,10.53,0,84.51
23/01/2022,China,13.89,0,61.19
24/01/2022,Russia,11.83,1,110.24
24/01/2022,Indonesia,15.95,1,66.23
25/01/2022,USA,0.65,0,67.07
25/01/2022,Russia,8.7,2,130.67
25/01/2022,Mexico,18.31,1,173.7
25/01/2022,USA,10.56,1,155.28
26/01/2022,Germany,2.58,1,122.24
26/01/2022,Philippines,3.93,3,89.02
27/01/2022,China,14.6,0,126.01
28/01/2022,Mexico,16.95,1,182.08
28/01/2022,Brazil,2.69,2,148.91
28/01/2022,China,19.25,0,112.19
28/01/2022,USA,6.19,3,111.7
29/01/2022,Philippines,9.42,1,141.47
29/01/2022,China,14.21,1,66.57
29/01/2022,Indonesia,1.32,2,77.19
30/01/2022,Brazil,13.35,3,99.65
30/01/2022,Nigeria,17.95,2,191.45
31/01/2022,Nigeria,8.55,0,177.96
02/02/2022,USA,8.1,0,135.99
02/02/2022,Philippines,5.6,1,158.07
03/02/2022,India,0.56,0,161.53
03/02/2022,Russia,14.48,3,131.87
03/02/2022,China,2.03,1,143.45
04/02/2022,Indonesia,11.98,2,136.89
04/02/2022,China,7.28,2,115.6
04/02/2022,Nigeria,10.36,0,154.35
05/02/2022,Philippines,8.14,2,100.14
05/02/2022,China,1.57,0,165.84
06/02/2022,Nigeria,14.72,1,172.67
06/02/2022,Indonesia,9.36,3,115.26
07/02/2022,Indonesia,11.36,1,51.95
08/02/2022,India,7.32,2,134.82
09/02/2022,India,7.52,2,118.21
09/02/2022,Germany,16.34,0,87.19
10/02/2022,Philippines,3.39,0,90.04
10/02/2022,India,9.89,1,61.98
10/02/2022,Mexico,9.3,0,77.15
11/02/2022,Brazil,4.28,0,172.55
12/02/2022,India,7.4,2,57.57
14/02/2022,Philippines,17.32,1,60.72
15/02/2022,Russia,16.14,1,158.11
15/02/2022,China,6.81,0,112.32
15/02/2022,Indonesia,16.07,0,131.86
15/02/2022,India,4.15,1,132.16
15/02/2022,Nigeria,10,0,73.32
15/02/2022,Indonesia,9.09,0,166.2
16/02/2022,India,16.65,0,163.65
16/02/2022,China,8.42,1,139.33
17/02/2022,Nigeria,10.62,1,94.09
17/02/2022,Nigeria,17.08,2,182.84
17/02/2022,Germany,11.63,0,121.57
17/02/2022,Brazil,9.27,0,157.6
17/02/2022,USA,19.96,2,112.51
18/02/2022,Russia,10.61,2,164.09
18/02/2022,Indonesia,12.41,2,133.6
19/02/2022,Nigeria,15,2,103.02
19/02/2022,Mexico,6.68,0,66.4
19/02/2022,Russia,18.93,2,180.6
19/02/2022,India,1.86,1,81.59
20/02/2022,Germany,11.58,3,147.06
20/02/2022,Brazil,16.52,2,159.27
21/02/2022,Russia,13.5,1,130.86
22/02/2022,China,9.33,2,133.63
22/02/2022,Brazil,2.8,0,156.23
22/02/2022,Indonesia,13.22,1,101.15
23/02/2022,Indonesia,18.1,0,187.67
23/02/2022,India,19.97,3,111.96
23/02/2022,Russia,4.39,1,135.13
24/02/2022,USA,4.78,1,192.41
24/02/2022,Nigeria,13.48,1,156.03
25/02/2022,Germany,10.59,1,78.01
25/02/2022,Brazil,4.32,0,114.64
26/02/2022,USA,3.11,2,173.79
26/02/2022,Mexico,7.29,2,67.86
27/02/2022,Brazil,2.75,2,134.63
27/02/2022,Mexico,9.24,0,93.09
01/03/2022,Indonesia,4.57,1,105.68
01/03/2022,Nigeria,15.92,0,104.44
02/03/2022,Philippines,14.4,0,103.65
02/03/2022,India,5.85,1,84.85
02/03/2022,China,13.92,0,86.61
03/03/2022,Mexico,8.32,0,78.52
03/03/2022,USA,8.25,1,94.75
04/03/2022,USA,1.96,2,142.59
06/03/2022,Indonesia,3.72,1,196.05
06/03/2022,Nigeria,15.81,0,117
07/03/2022,Mexico,13.64,0,68.24
08/03/2022,Brazil,8.17,0,57.43
09/03/2022,USA,0.7,2,158.69
10/03/2022,Brazil,5.36,0,170.54
10/03/2022,USA,8.63,0,141.25
13/03/2022,Russia,13.37,1,126.76
15/03/2022,Brazil,12.72,0,137.78
15/03/2022,India,8.83,1,163.31
16/03/2022,Brazil,14.92,0,152.81
17/03/2022,Germany,2.64,1,166.47
17/03/2022,Germany,10.48,4,115.94
19/03/2022,Russia,8.13,0,162.4
19/03/2022,Indonesia,12.01,0,192.12
20/03/2022,Brazil,18.48,1,197.03
21/03/2022,Mexico,16.45,1,53.57
21/03/2022,Germany,5.89,0,135.45
21/03/2022,Russia,7.83,2,96.69
21/03/2022,Brazil,3.95,0,79.82
21/03/2022,Mexico,1.46,1,131.87
22/03/2022,Indonesia,4.95,0,189.02
23/03/2022,India,19.1,1,128.49
24/03/2022,China,6.38,2,97.58
24/03/2022,China,11.51,3,86.65
24/03/2022,China,19.51,2,157.72
25/03/2022,USA,6.74,1,97.31
26/03/2022,China,6.36,1,131.28
26/03/2022,Philippines,14.79,1,156.63
26/03/2022,China,1.93,0,75.73
26/03/2022,Nigeria,17.73,1,135.9
27/03/2022,Mexico,5.85,1,173.83
27/03/2022,Germany,8.68,2,119.71
27/03/2022,Brazil,11.73,1,79.9
28/03/2022,Germany,5.18,2,164.98
28/03/2022,Nigeria,10.19,1,52.41
29/03/2022,Indonesia,15.84,0,89.78
29/03/2022,India,19.85,1,149.56
30/03/2022,China,17.79,0,83.85
31/03/2022,USA,14.48,1,92.63
31/03/2022,Brazil,18.43,1,184.27
31/03/2022,Germany,19.26,1,102.33
31/03/2022,Indonesia,4.24,1,175.78
31/03/2022,Russia,3.21,0,193.03
31/03/2022,Brazil,15.27,2,148.99
01/04/2022,Mexico,8.31,0,51.45
01/04/2022,Nigeria,9.09,1,141.78
02/04/2022,Nigeria,7.04,2,102.19
02/04/2022,Germany,4.24,0,195.43
03/04/2022,Nigeria,10.96,0,52.71
04/04/2022,Philippines,9.77,1,110.94
04/04/2022,Philippines,1.78,1,61.22
04/04/2022,Nigeria,9.77,2,66.88
05/04/2022,Nigeria,7.93,0,51.29
06/04/2022,Brazil,3.15,0,67.34
07/04/2022,Nigeria,12.86,2,136.1
08/04/2022,Russia,17.39,1,144.86
08/04/2022,USA,9.86,0,149.51
08/04/2022,Russia,2.67,2,129.8
09/04/2022,India,2.14,1,142.48
10/04/2022,China,15.19,1,88.36
10/04/2022,Germany,4.24,3,93.58
11/04/2022,Indonesia,12.49,3,193.33
11/04/2022,Brazil,1.25,2,185.16
11/04/2022,USA,1.45,1,115.72
12/04/2022,China,17.39,2,89.04
12/04/2022,Nigeria,5.41,0,153.6
12/04/2022,China,10.56,1,50.7
13/04/2022,China,5.17,0,51.88
13/04/2022,Nigeria,14.24,4,174.15
14/04/2022,Germany,4.6,0,54.95
15/04/2022,Russia,3.23,0,162.77
15/04/2022,USA,10.89,1,162.98
16/04/2022,USA,5.01,1,92.2
16/04/2022,Indonesia,9.67,1,162.2
16/04/2022,Nigeria,12.36,1,180.85
16/04/2022,China,19.42,2,64.91
16/04/2022,USA,9.89,2,113.79
17/04/2022,Brazil,18.1,0,187.41
17/04/2022,Mexico,16.8,3,161.85
18/04/2022,Nigeria,15.81,1,170.99
19/04/2022,Nigeria,12.74,0,158.59
20/04/2022,Philippines,12.2,0,127.11
21/04/2022,Russia,16.67,0,98.55
21/04/2022,India,19.17,2,179.4
21/04/2022,Nigeria,7.21,0,71.22
21/04/2022,Indonesia,1.03,0,86.6
21/04/2022,India,2.37,2,126.35
23/04/2022,Indonesia,0.73,1,66.55
23/04/2022,Mexico,6.52,1,131.5
23/04/2022,Germany,14.05,0,57.04
24/04/2022,Indonesia,1.15,1,138.05
25/04/2022,USA,3.35,0,121.83
25/04/2022,Brazil,0.76,2,101.9
26/04/2022,Nigeria,12.78,2,97.06
26/04/2022,USA,6.14,0,144.64
26/04/2022,Nigeria,0.75,1,80.72
27/04/2022,Nigeria,17.35,0,68.88
28/04/2022,China,3.71,2,90.35
28/04/2022,China,9.35,2,132.88
29/04/2022,Indonesia,8.18,0,70.43
29/04/2022,India,13.29,1,190.37
29/04/2022,India,1.92,2,165.64
29/04/2022,China,3.01,1,64.76
30/04/2022,USA,15.37,4,80.43
30/04/2022,Russia,3.98,0,95.6
30/04/2022,Indonesia,0.75,0,154.99
01/05/2022,Russia,19.79,0,75.82
01/05/2022,China,17.27,1,68.88
01/05/2022,China,13.69,5,115.15
01/05/2022,Nigeria,7.32,0,147.8
02/05/2022,Mexico,12.95,1,109.17
02/05/2022,Germany,19.76,1,112.74
03/05/2022,Germany,5.63,1,138.21
03/05/2022,Mexico,17.59,1,194.91
03/05/2022,USA,19.86,0,143.71
03/05/2022,China,18.64,2,131.72
05/05/2022,Indonesia,10.3,1,133.7
05/05/2022,Mexico,3.26,2,150.06
06/05/2022,Indonesia,16.08,1,171.69
07/05/2022,Nigeria,10.18,0,185.93
07/05/2022,USA,16.13,0,131.37
08/05/2022,Nigeria,18.72,1,162.73
08/05/2022,China,6.66,2,75.8
08/05/2022,Indonesia,8.1,1,64.01
08/05/2022,Mexico,18.12,0,158.72
09/05/2022,Nigeria,16,1,60.36
09/05/2022,China,20,1,96.17
09/05/2022,Mexico,3.83,1,175.66
10/05/2022,USA,6.03,0,76.63
10/05/2022,Germany,9.67,1,70.12
10/05/2022,Russia,6.94,3,103.4
11/05/2022,Indonesia,9.28,1,149.39
12/05/2022,India,8.53,2,61.93
13/05/2022,USA,2.49,2,187.42
14/05/2022,Germany,8.67,1,118.6
14/05/2022,India,18.17,0,114
14/05/2022,Russia,12.66,1,168.66
15/05/2022,Nigeria,16.87,0,105.78
16/05/2022,Brazil,2.17,1,169.51
16/05/2022,Mexico,16.84,3,185.11
16/05/2022,Brazil,5.13,1,180.28
16/05/2022,Nigeria,1.49,0,57.49
17/05/2022,China,9.68,1,180.97
17/05/2022,USA,17.72,0,101.77
17/05/2022,Mexico,1.05,1,190.92
17/05/2022,Philippines,16.84,0,97.34
18/05/2022,Indonesia,17.29,0,185.61
18/05/2022,Mexico,7.55,2,182.78
18/05/2022,Russia,19.82,1,150.95
19/05/2022,Mexico,6.88,2,198.8
20/05/2022,Germany,19.15,0,148.55
20/05/2022,China,12.05,0,51.09
21/05/2022,USA,4.2,1,176.75
22/05/2022,Philippines,18.8,1,144.37
23/05/2022,India,0.72,1,159.56
23/05/2022,USA,8.83,1,170.52
24/05/2022,Indonesia,2.4,0,148.74
24/05/2022,Brazil,18.67,3,50.3
25/05/2022,Brazil,7.92,1,104.83
25/05/2022,Mexico,14.64,0,107.07
27/05/2022,Nigeria,3.55,1,101.78
27/05/2022,Indonesia,7.99,0,87.27
27/05/2022,China,7.6,0,87.7
28/05/2022,Indonesia,18.55,0,119.8
28/05/2022,India,3.04,2,106.52
29/05/2022,Germany,0.91,2,108.97
29/05/2022,India,18.92,1,88
30/05/2022,Germany,1.08,0,120.23
30/05/2022,USA,11.43,1,61.51
30/05/2022,Germany,3.78,1,197.65
30/05/2022,Germany,16.82,1,155.46
31/05/2022,USA,10.3,0,85.29
31/05/2022,Nigeria,7.69,0,96.64
31/05/2022,China,19.56,3,61.64
01/06/2022,Indonesia,12.82,2,132.76
01/06/2022,Indonesia,6.07,0,118.95
01/06/2022,India,4.02,0,175.36
02/06/2022,Brazil,6.48,0,99.98
03/06/2022,Philippines,3.64,2,166.82
03/06/2022,India,8.16,3,183.23
05/06/2022,Mexico,4.49,1,69.62
06/06/2022,Nigeria,19.8,1,135.67
07/06/2022,China,12.47,1,153.3
08/06/2022,Philippines,1.68,2,105.1
09/06/2022,India,8.7,2,87.32
09/06/2022,USA,13.73,0,137.15
10/06/2022,USA,16.64,0,138.44
11/06/2022,India,12.29,0,147.25
11/06/2022,Russia,16.65,2,178.13
11/06/2022,USA,7.01,1,92.61
11/06/2022,Philippines,1.66,0,125.07
12/06/2022,Brazil,2.53,0,94.31
12/06/2022,USA,16.06,0,95.6
12/06/2022,Nigeria,6.66,0,97.91
13/06/2022,Philippines,15.47,1,65.85
13/06/2022,Indonesia,6.08,1,66.23
14/06/2022,Brazil,14.06,0,94.17
15/06/2022,China,16.11,1,53.34
15/06/2022,India,6.37,1,127.97
15/06/2022,USA,9.2,0,136.03
16/06/2022,China,12.44,1,60.11
16/06/2022,Brazil,8.12,2,114.14
16/06/2022,China,9.23,1,182.55
16/06/2022,Philippines,2.1,0,185.73
17/06/2022,India,14.36,0,168.51
18/06/2022,India,5.99,0,98.71
18/06/2022,Indonesia,1.79,2,125.95
19/06/2022,Germany,4.63,2,191.78
19/06/2022,USA,14.15,0,138.87
19/06/2022,Nigeria,1.37,2,119.26
19/06/2022,Mexico,4.52,0,82.02
20/06/2022,Russia,4.76,2,53.81
21/06/2022,Germany,1.82,1,163.29
21/06/2022,China,17,1,141.86
21/06/2022,Mexico,17.27,0,155.79
22/06/2022,Nigeria,11,1,182.16
23/06/2022,Nigeria,15.64,0,111.02
23/06/2022,Indonesia,6.39,0,137.53
23/06/2022,Mexico,19.28,0,132.06
23/06/2022,Russia,5.87,1,134.27
24/06/2022,Philippines,7.17,1,164.53
24/06/2022,Russia,11.48,0,133.06
24/06/2022,Nigeria,8.44,2,55.09
24/06/2022,Russia,7.09,1,71.56
24/06/2022,Germany,18.41,1,150.47
24/06/2022,USA,14.69,0,112.55
25/06/2022,USA,7.78,0,56.39
25/06/2022,India,8.95,1,66.59
26/06/2022,Indonesia,17.55,0,191.46
26/06/2022,USA,13.97,0,142.32
27/06/2022,Russia,4.79,0,133.52
27/06/2022,Mexico,1.25,0,144.18
27/06/2022,China,0.93,2,149.27
28/06/2022,China,19.79,2,83.57
28/06/2022,Germany,17.42,1,67.42
28/06/2022,Indonesia,2.88,0,75.91
29/06/2022,India,14.28,0,102.29
30/06/2022,Nigeria,16.28,4,103.38
01/07/2022,China,10.45,1,110.53
02/07/2022,Germany,9.65,2,172.77
02/07/2022,USA,18.8,2,179.72
02/07/2022,India,2.95,3,105.39
03/07/2022,Indonesia,1.76,0,50.25
03/07/2022,Mexico,17.98,2,57.36
03/07/2022,Indonesia,16.43,2,92.45
03/07/2022,Germany,16.09,1,65.67
04/07/2022,Brazil,7.38,0,56.77
06/07/2022,USA,11.27,0,153.05
07/07/2022,Nigeria,18.04,2,146
07/07/2022,USA,7.32,3,115.31
07/07/2022,Mexico,17.75,3,128.24
07/07/2022,China,2.83,0,125.12
08/07/2022,Russia,7.69,0,140.3
08/07/2022,Nigeria,10,1,164.37
08/07/2022,India,13.84,1,113.8
09/07/2022,Indonesia,5.65,2,197.36
09/07/2022,Philippines,5.14,0,117.56
10/07/2022,Philippines,14.76,0,123.96
10/07/2022,India,19.73,0,172.66
10/07/2022,Russia,19.45,2,139.8
10/07/2022,Philippines,8.76,4,54.5
10/07/2022,India,12.98,0,60.89
11/07/2022,Brazil,0.52,0,180.92
11/07/2022,Philippines,0.89,0,145.22
11/07/2022,Brazil,10.52,3,69.78
11/07/2022,USA,1.92,0,192.2
12/07/2022,USA,18.98,1,128.59
12/07/2022,Russia,9.85,2,117.2
13/07/2022,Nigeria,5.51,2,76.86
13/07/2022,Nigeria,12.82,2,67.89
14/07/2022,China,19.06,1,156.39
14/07/2022,Russia,19.15,1,107.71
14/07/2022,Mexico,3.47,1,61.09
17/07/2022,Indonesia,14.8,4,192.31
17/07/2022,India,8.72,0,55.88
17/07/2022,Philippines,11.35,0,182.98
17/07/2022,USA,3.23,1,129.43
18/07/2022,Nigeria,15.17,3,146.28
18/07/2022,China,11.1,2,114.31
18/07/2022,China,12.85,2,110.35
18/07/2022,Germany,3.15,0,90.09
18/07/2022,India,3.88,1,106.38
18/07/2022,Russia,7.24,2,112.97
19/07/2022,Russia,0.55,0,117.17
20/07/2022,USA,4.31,0,85.03
20/07/2022,India,11.15,0,185.18
20/07/2022,Philippines,3.36,1,147.76
20/07/2022,USA,16.38,1,92.28
20/07/2022,Nigeria,5.49,1,118.52
20/07/2022,Nigeria,0.7,0,186.6
21/07/2022,Nigeria,2.04,1,127.91
21/07/2022,Germany,17.02,1,145.35
23/07/2022,Nigeria,8.16,1,133.19
24/07/2022,Indonesia,8.59,0,54.89
24/07/2022,Russia,19.85,2,96.29
24/07/2022,Indonesia,7.76,1,172.15
24/07/2022,Indonesia,11.49,2,123.14
24/07/2022,Indonesia,18.9,2,105.67
25/07/2022,Mexico,13.04,0,180.86
25/07/2022,Nigeria,4.13,0,186.18
25/07/2022,Indonesia,5.1,0,106.07
26/07/2022,Philippines,4.71,2,170.21
27/07/2022,Germany,10.03,1,187.34
27/07/2022,Mexico,18.23,0,73.42
28/07/2022,USA,2.27,1,146.76
28/07/2022,USA,13.01,0,140.31
29/07/2022,China,6.39,0,97.63
30/07/2022,Brazil,17.4,3,136.08
30/07/2022,Russia,9.04,2,182.75
30/07/2022,Indonesia,13.39,2,183.74
30/07/2022,Germany,0.93,2,90.02
31/07/2022,Philippines,3.79,0,149.66
31/07/2022,Germany,11.72,1,196.84
01/08/2022,USA,3.64,1,123.22
02/08/2022,India,9.02,0,108.21
03/08/2022,Philippines,15.13,2,103.43
03/08/2022,Indonesia,16.32,2,187.18
03/08/2022,Brazil,13.39,0,93.78
03/08/2022,China,1.43,0,74.24
04/08/2022,Nigeria,12.73,0,172.19
04/08/2022,Indonesia,7.02,0,85.32
04/08/2022,India,17.52,2,161.89
05/08/2022,Nigeria,9.96,2,99.59
05/08/2022,USA,12.13,1,163.41
06/08/2022,USA,15.86,1,141.95
06/08/2022,India,16.71,1,114.97
08/08/2022,Germany,16.96,3,68.46
08/08/2022,Indonesia,6.28,2,143.96
09/08/2022,Indonesia,12.44,0,67.63
09/08/2022,Brazil,18.14,0,158.4
09/08/2022,Nigeria,5.14,1,103.49
09/08/2022,Russia,1.06,0,53.95
09/08/2022,Nigeria,16.5,1,53.23
10/08/2022,Germany,9.19,1,82.12
10/08/2022,Brazil,15.18,0,152.73
10/08/2022,Nigeria,9.25,2,60.99
10/08/2022,USA,2.34,1,134.58
11/08/2022,Nigeria,1.95,1,145.46
12/08/2022,Indonesia,1,1,180.47
12/08/2022,Indonesia,15.13,1,138.88
13/08/2022,Brazil,11.35,0,84.45
14/08/2022,China,2.07,0,137.8
14/08/2022,USA,8.14,0,165.61
15/08/2022,USA,4.7,1,134.37
15/08/2022,Brazil,13.04,0,163.69
16/08/2022,Nigeria,9.7,1,166.67
16/08/2022,USA,3.62,1,59.94
17/08/2022,Nigeria,12.6,2,160.49
17/08/2022,China,4.69,0,103.41
18/08/2022,Germany,2.57,2,85.28
18/08/2022,Mexico,13.81,0,139.28
18/08/2022,Indonesia,13.53,2,135.99
19/08/2022,Germany,19.39,2,66.17
19/08/2022,Mexico,6.55,0,167.98
20/08/2022,Germany,6,1,94.3
20/08/2022,Philippines,1.46,0,62.54
20/08/2022,Russia,12.14,2,96.97
21/08/2022,Indonesia,10.06,1,175.17
21/08/2022,Russia,10.95,2,180.71
21/08/2022,India,13.76,1,106.77
21/08/2022,India,10.55,1,143.03
22/08/2022,Philippines,4.44,3,61.06
23/08/2022,Indonesia,6.98,2,99.76
23/08/2022,Indonesia,4.61,0,176.34
24/08/2022,China,7.37,1,124.91
25/08/2022,Brazil,1.88,1,183.19
25/08/2022,Brazil,6.68,1,186.21
25/08/2022,India,14.94,0,70.3
26/08/2022,Indonesia,19.99,1,169.81
26/08/2022,China,2.68,0,161.98
26/08/2022,Brazil,13.05,1,59.38
27/08/2022,Germany,3.87,0,119.47
27/08/2022,Indonesia,10.94,0,182.43
27/08/2022,China,0.58,2,136.67
27/08/2022,China,2.39,1,115.22
27/08/2022,USA,7.66,0,73.81
28/08/2022,Philippines,2.48,0,188.45
29/08/2022,Russia,18.79,1,71.88
29/08/2022,USA,5.96,0,76.23
30/08/2022,Indonesia,12.68,0,60.67
30/08/2022,Philippines,11.8,0,95.62
31/08/2022,Philippines,5.25,0,151.26
31/08/2022,USA,13.33,0,191.3
01/09/2022,Philippines,7.36,0,149.77
01/09/2022,Indonesia,19.52,0,60.96
02/09/2022,Philippines,13.41,1,135.64
02/09/2022,Nigeria,15.39,0,109.9
03/09/2022,Germany,6.62,0,75.6
03/09/2022,Nigeria,1.98,2,129.53
04/09/2022,Germany,7.03,0,191.09
04/09/2022,Germany,17.82,2,96.14
05/09/2022,China,10.04,0,78.09
06/09/2022,Mexico,18.43,0,51.96
06/09/2022,Brazil,15.75,1,165.35
07/09/2022,China,13.33,2,103.27
07/09/2022,USA,10.68,0,70.46
07/09/2022,Nigeria,16.92,0,69.27
07/09/2022,Germany,6.56,1,163.86
08/09/2022,Nigeria,8.65,1,66.3
09/09/2022,Russia,7.06,0,101.34
10/09/2022,China,7.36,1,114.28
11/09/2022,USA,8.31,2,132.88
12/09/2022,Philippines,8.9,0,87.55
13/09/2022,China,5.25,1,123.68
14/09/2022,Mexico,8.56,2,109.36
15/09/2022,Philippines,1.99,0,69.73
16/09/2022,Indonesia,1.27,1,119.08
16/09/2022,Germany,0.92,1,115.97
17/09/2022,Germany,12.93,1,104.56
18/09/2022,Philippines,8.34,2,138.39
18/09/2022,Germany,18.43,1,65.25
18/09/2022,Indonesia,1.36,0,181.95
18/09/2022,China,1.48,0,157.56
19/09/2022,Nigeria,12.47,0,163.56
19/09/2022,Indonesia,17.96,1,128.14
21/09/2022,Brazil,14.96,0,179.25
21/09/2022,Germany,7.29,1,198.45
21/09/2022,China,17.98,0,172.41
21/09/2022,USA,9.75,1,56.24
22/09/2022,USA,3.48,1,166.85
22/09/2022,China,1.09,2,133.37
23/09/2022,Germany,0.92,0,122.56
23/09/2022,Brazil,13.24,3,178.22
25/09/2022,Mexico,13.73,4,190.48
26/09/2022,Philippines,19.06,2,147.92
26/09/2022,India,5.98,0,195.46
27/09/2022,USA,5.13,2,63.99
27/09/2022,Germany,12.45,2,76.27
27/09/2022,Philippines,3.48,1,108.88
28/09/2022,China,1.57,3,112
28/09/2022,Indonesia,2.07,1,130.59
29/09/2022,Germany,2.97,1,133
29/09/2022,Indonesia,6.67,1,158.99
30/09/2022,Philippines,5.01,2,103.54
30/09/2022,Russia,5.24,0,125.3
01/10/2022,Nigeria,0.95,2,145.28
02/10/2022,Mexico,3.68,2,50.6
02/10/2022,Russia,18.23,0,184.63
02/10/2022,USA,8.32,0,65.91
04/10/2022,Nigeria,8.45,1,175.7
04/10/2022,Nigeria,15.65,1,176.52
05/10/2022,India,17.24,0,147.08
07/10/2022,Brazil,6.99,0,163.29
08/10/2022,Russia,5.29,1,87.39
08/10/2022,Germany,4.66,0,52.77
08/10/2022,Germany,9.56,0,180.58
08/10/2022,Philippines,16.35,1,109.72
09/10/2022,Nigeria,16.61,1,125.26
09/10/2022,India,17.49,0,64.12
10/10/2022,Russia,5.31,0,187.8
11/10/2022,Indonesia,10.6,1,175.62
11/10/2022,Mexico,11.42,0,185.98
11/10/2022,Germany,10.78,1,55.34
12/10/2022,Germany,1.66,1,72.04
13/10/2022,Indonesia,14.45,1,124.73
14/10/2022,Germany,10.55,1,180.44
15/10/2022,Nigeria,3.73,2,109.1
15/10/2022,India,0.6,0,93.86
15/10/2022,Nigeria,16.1,1,175.71
16/10/2022,Russia,4.35,4,149.66
16/10/2022,India,10.43,1,87.01
17/10/2022,Brazil,18.48,1,136.01
17/10/2022,Philippines,2.92,3,149.21
17/10/2022,Mexico,13.59,0,176.17
18/10/2022,Germany,11.14,0,131.33
19/10/2022,Brazil,8.59,0,160.5
19/10/2022,Indonesia,3.44,1,151.06
20/10/2022,Philippines,16.25,0,156.4
21/10/2022,Mexico,2.26,2,136.31
21/10/2022,Indonesia,6.48,1,124.98
21/10/2022,Indonesia,17.27,2,106.81
22/10/2022,Russia,6.48,0,171.44
23/10/2022,Germany,17.89,5,53.98
24/10/2022,Nigeria,14.16,1,127.23
24/10/2022,India,17.44,0,114.23
25/10/2022,Philippines,16.42,0,193.36
25/10/2022,Philippines,11.01,1,65.13
26/10/2022,Philippines,6.94,0,144.63
26/10/2022,Russia,4.48,1,132.55
26/10/2022,Russia,7.31,2,115.52
26/10/2022,Germany,4.65,2,136.92
26/10/2022,Russia,1.42,0,84.69
28/10/2022,Indonesia,19.39,0,143.45
28/10/2022,Brazil,5.08,0,61.3
29/10/2022,Russia,1.58,1,167.27
29/10/2022,Philippines,2.72,3,195.81
30/10/2022,Brazil,1.02,0,158.8
30/10/2022,Nigeria,14.38,3,98.12
31/10/2022,USA,11.15,0,81.81
01/11/2022,USA,4.47,0,194.79
01/11/2022,Indonesia,2.67,1,80.22
01/11/2022,Russia,11.2,1,193.81
01/11/2022,Russia,6.27,3,113.59
02/11/2022,Nigeria,13.39,1,79.89
02/11/2022,Germany,17.84,1,51.62
04/11/2022,Philippines,2.92,2,61.95
04/11/2022,Mexico,1.91,0,70.83
04/11/2022,Philippines,8.12,0,85.59
05/11/2022,China,9.08,3,195.41
05/11/2022,Russia,8.33,0,93.37
05/11/2022,USA,15.61,0,139.19
05/11/2022,China,18.46,1,187.91
05/11/2022,Brazil,12.5,1,194.03
05/11/2022,Nigeria,8.01,2,119.48
05/11/2022,Mexico,3.98,0,177.97
05/11/2022,India,3.65,3,94.37
06/11/2022,Mexico,0.87,0,192.67
06/11/2022,Indonesia,14.46,1,143.42
07/11/2022,China,15.83,2,109.81
07/11/2022,Germany,9.55,0,145.64
08/11/2022,Philippines,7.69,0,109.67
08/11/2022,USA,8.63,1,100.39
09/11/2022,China,14.49,1,155.75
09/11/2022,Germany,12.9,0,94.25
09/11/2022,India,1.73,0,167.42
10/11/2022,USA,7.93,2,137.18
11/11/2022,India,8.15,1,72.51
11/11/2022,Russia,15.03,1,142.05
12/11/2022,Russia,9.71,1,119.72
13/11/2022,Brazil,14.97,0,70.22
15/11/2022,Mexico,10.6,0,119.74
16/11/2022,Philippines,13.35,2,60.2
17/11/2022,Germany,2.34,2,166.27
17/11/2022,Indonesia,15.28,1,162.35
17/11/2022,Germany,5.97,2,72.16
18/11/2022,India,2.22,3,115.18
19/11/2022,Philippines,1.89,1,140.41
20/11/2022,Mexico,11.22,2,156.1
20/11/2022,Russia,7.74,1,85.45
21/11/2022,China,16.5,0,56.61
21/11/2022,Russia,19.09,1,178.76
21/11/2022,China,13.26,1,111.2
21/11/2022,Brazil,18.49,0,132.15
21/11/2022,Philippines,4.25,0,161.57
22/11/2022,USA,4.56,2,148.61
24/11/2022,India,6.68,0,176.11
25/11/2022,Germany,19.08,4,170.22
25/11/2022,Russia,16.73,1,122.81
26/11/2022,USA,18.96,1,139.21
26/11/2022,Mexico,6.21,0,141.49
27/11/2022,Indonesia,3.75,1,195.26
27/11/2022,Germany,2.75,2,142.66
28/11/2022,USA,1.83,1,173.51
28/11/2022,Brazil,18.04,1,147.51
28/11/2022,Brazil,13.59,3,142.51
29/11/2022,Philippines,19.13,1,87.37
29/11/2022,India,10.52,2,174.28
30/11/2022,Brazil,19.94,1,88.03
01/12/2022,India,3.38,0,73.26
03/12/2022,India,5.27,0,69.28
03/12/2022,Indonesia,15.17,3,92.14
03/12/2022,China,11.86,0,150.1
04/12/2022,India,14.76,2,174.81
06/12/2022,Brazil,14.8,2,190.27
06/12/2022,Brazil,17.85,1,72.32
06/12/2022,Indonesia,17.2,1,187.74
08/12/2022,Mexico,6.67,1,189.03
09/12/2022,Germany,8.8,1,93.73
09/12/2022,Germany,3.49,2,192.48
09/12/2022,Nigeria,6.64,1,123.59
09/12/2022,Indonesia,2.64,0,79.29
10/12/2022,Indonesia,1.39,0,195.11
10/12/2022,Brazil,11.61,1,170.43
12/12/2022,India,2,2,61.29
12/12/2022,China,3.97,0,154.35
12/12/2022,Russia,4.14,0,66.59
13/12/2022,Philippines,17.19,1,111.19
13/12/2022,Philippines,3.92,1,128.92
13/12/2022,Indonesia,17.08,0,98.23
14/12/2022,Indonesia,7.91,0,199.68
14/12/2022,Germany,6.43,1,161.49
15/12/2022,Philippines,9.83,0,187.97
16/12/2022,China,10.1,2,105.18
16/12/2022,Russia,14.82,0,145.89
16/12/2022,USA,16.92,2,159.79
17/12/2022,Indonesia,8.54,0,143.22
19/12/2022,Philippines,6.36,3,199.86
19/12/2022,India,17.11,1,156.49
19/12/2022,Russia,7.13,2,50.59
20/12/2022,Germany,7.88,1,121.75
21/12/2022,China,1.81,0,164.11
22/12/2022,Nigeria,19.75,1,77.19
22/12/2022,China,5.58,1,131.36
22/12/2022,Indonesia,18.92,1,86.58
22/12/2022,Philippines,1.13,1,62.27
23/12/2022,Germany,8.58,0,193.29
23/12/2022,Indonesia,3.5,1,73.21
23/12/2022,USA,18.95,3,98.57
23/12/2022,China,1.15,0,79.91
23/12/2022,Russia,12.15,0,179.99
23/12/2022,China,4.33,2,76.94
25/12/2022,USA,7.39,1,87.66
26/12/2022,Mexico,4.67,2,103.27
26/12/2022,India,11.67,2,175.29
26/12/2022,Russia,10.13,0,68.67
27/12/2022,Brazil,10.46,0,191.54
27/12/2022,Russia,10.06,2,80.57
28/12/2022,Mexico,2.46,0,107.14
28/12/2022,Nigeria,19.39,1,115.41
29/12/2022,India,15.77,2,64.7
29/12/2022,Brazil,9.38,0,198.26
29/12/2022,USA,7.66,1,50.37
29/12/2022,Germany,6.56,2,80.03
31/12/2022,Nigeria,9.02,0,71.91
01/01/2023,Philippines,15.53,0,76.28
02/01/2023,Brazil,4.32,0,74.51
02/01/2023,USA,14.05,2,95.63
03/01/2023,Mexico,5.64,1,174.99
03/01/2023,Russia,1.63,2,102.61
03/01/2023,Philippines,0.73,2,146.21
03/01/2023,USA,2.71,2,158.3
04/01/2023,China,1.39,1,168.65
04/01/2023,Mexico,8,1,195.27
04/01/2023,Brazil,17.04,0,130.75
05/01/2023,Philippines,14.2,3,110.23
05/01/2023,Russia,3.53,1,140.58
05/01/2023,China,2.07,0,124.82
06/01/2023,Brazil,9.93,0,187.57
06/01/2023,Mexico,17.97,2,131.34
07/01/2023,USA,3.25,2,127.07
07/01/2023,Brazil,5.56,0,190.96
07/01/2023,India,3.48,0,148.21
08/01/2023,China,7.05,1,119.87
08/01/2023,Russia,10.27,0,84.5
08/01/2023,Brazil,6.75,0,56.47
09/01/2023,Mexico,15.14,1,62.41
09/01/2023,China,10.57,0,95.19
09/01/2023,USA,4.39,0,186.02
09/01/2023,China,17.91,0,56.57
09/01/2023,Russia,5.04,0,65.03
09/01/2023,China,15.68,1,114.98
10/01/2023,Nigeria,15.11,0,109.93
10/01/2023,Mexico,10.91,1,122.23
10/01/2023,India,8.77,0,106.91
11/01/2023,Nigeria,12.84,2,100.65
11/01/2023,Nigeria,17.17,1,192.65
11/01/2023,China,8.34,0,116.22
12/01/2023,Germany,14.27,2,175.68
13/01/2023,Russia,1.81,2,120.32
13/01/2023,Russia,18.94,0,148.54
15/01/2023,USA,14.6,0,57.55
15/01/2023,Brazil,3.63,1,168.82
16/01/2023,USA,12.86,1,117.22
16/01/2023,Nigeria,19.54,0,86.71
17/01/2023,Germany,1.56,0,154.15
17/01/2023,Russia,7.39,0,125.72
17/01/2023,Brazil,1.31,0,178
17/01/2023,Philippines,11.5,1,89.42
17/01/2023,Germany,11.54,3,110.53
19/01/2023,Mexico,9.48,2,183
20/01/2023,Russia,13.73,1,144.38
20/01/2023,India,7.46,1,85.46
20/01/2023,Russia,9.86,2,104.86
21/01/2023,Philippines,12.51,2,157.96
21/01/2023,Mexico,19.94,2,77.21
22/01/2023,Philippines,18.48,1,178.07
22/01/2023,USA,14.97,0,105.59
22/01/2023,Brazil,16.02,1,123.04
23/01/2023,USA,9.92,0,165.94
23/01/2023,USA,3.57,0,134.5
23/01/2023,Germany,11.85,0,111.85
24/01/2023,Brazil,1.92,1,128.71
26/01/2023,Indonesia,2.78,3,155.62
27/01/2023,Russia,19.89,3,157.82
27/01/2023,USA,1.4,0,154.7
28/01/2023,USA,4.35,0,83.09
28/01/2023,Brazil,17.54,1,184.27
29/01/2023,Philippines,14.37,1,192.3
29/01/2023,China,1.01,1,146.16
30/01/2023,Russia,7.1,2,90.4
31/01/2023,India,19.35,3,133.39
31/01/2023,Mexico,3.02,1,141.13
31/01/2023,Russia,4,0,139.37
01/02/2023,China,12.88,1,79.36
01/02/2023,Russia,1.8,2,148.58
01/02/2023,India,9.46,1,93.26
02/02/2023,USA,5.15,3,188.86
02/02/2023,Nigeria,4.72,0,187.96
02/02/2023,Indonesia,6.33,0,140.02
03/02/2023,USA,5.21,0,84.63
03/02/2023,Nigeria,1.58,0,88.54
03/02/2023,China,17.56,1,197.62
03/02/2023,Brazil,10.63,3,186.36
04/02/2023,China,4.68,2,95.06
04/02/2023,Brazil,7.12,0,190.76
04/02/2023,Mexico,14.99,0,164.25
05/02/2023,Nigeria,0.8,1,113.85
05/02/2023,Indonesia,16.14,3,115.36
07/02/2023,Mexico,14.99,0,165.18
07/02/2023,Nigeria,4.43,0,73.49
07/02/2023,Brazil,5.66,1,78.25
07/02/2023,Brazil,10.39,2,127.47
07/02/2023,Philippines,16.34,1,87.04
08/02/2023,Mexico,4.15,0,154.46
08/02/2023,Brazil,7.54,1,72.85
08/02/2023,USA,9.64,4,101.77
09/02/2023,Nigeria,7.85,3,191.14
09/02/2023,China,13.09,1,74.64
09/02/2023,Philippines,16.7,1,133.67
09/02/2023,Nigeria,16.85,1,50.02
09/02/2023,Philippines,15.22,0,162.28
11/02/2023,USA,3.92,1,194.45
12/02/2023,India,18.87,0,163.04
12/02/2023,Mexico,11.25,2,166.63
12/02/2023,Mexico,5.69,1,72.68
13/02/2023,India,7.23,1,91
13/02/2023,Nigeria,15.65,0,155.78
14/02/2023,Germany,10.4,1,115.24
14/02/2023,Philippines,19.9,1,123.2
14/02/2023,Brazil,11.3,1,68.51
15/02/2023,Indonesia,3.99,2,63.92
15/02/2023,Germany,16.41,1,156.61
15/02/2023,Germany,18.01,2,137.51
16/02/2023,Germany,9.22,2,140.85
16/02/2023,Germany,5.17,1,91.93
16/02/2023,Philippines,7.75,1,185.15
16/02/2023,USA,14.85,0,80.05
18/02/2023,India,6.75,1,85.4
18/02/2023,Nigeria,3.44,1,103.64
18/02/2023,Russia,15.46,1,89.77
18/02/2023,India,3.58,0,108
20/02/2023,Indonesia,9.31,1,154.76
21/02/2023,Brazil,16.8,3,138.71
22/02/2023,China,4.47,0,199.15
22/02/2023,USA,12.1,0,66.48
22/02/2023,China,13.43,1,131.95
23/02/2023,USA,0.55,0,98.72
23/02/2023,Nigeria,18.31,2,108.84
23/02/2023,India,6.64,1,123.17
24/02/2023,USA,16.39,0,61.65
24/02/2023,India,11.57,3,103.05
24/02/2023,China,15.01,1,89.48
24/02/2023,Mexico,8.11,2,125.92
24/02/2023,China,2.73,0,130.89
25/02/2023,Germany,5.38,0,189.58
25/02/2023,Mexico,19.14,0,139.05
26/02/2023,China,19.55,3,59.74
26/02/2023,Mexico,6.94,1,58.24
27/02/2023,China,4.32,1,144.97
28/02/2023,Brazil,1.5,0,142.8
28/02/2023,Philippines,2.03,1,78.18
28/02/2023,Mexico,9.18,2,59.83
01/03/2023,Brazil,8.15,3,113.33
01/03/2023,Russia,19.94,1,124.82
01/03/2023,China,6.09,1,136.25
02/03/2023,Mexico,4.77,1,118.26
02/03/2023,Nigeria,16.69,0,93.86
03/03/2023,India,1.84,1,113.05
05/03/2023,Russia,14.21,2,65.47
05/03/2023,Germany,8.98,0,194.82
05/03/2023,Mexico,13.95,0,65.83
05/03/2023,Brazil,18.97,4,147.92
07/03/2023,India,2.15,2,77.34
07/03/2023,India,10.1,2,148
07/03/2023,Indonesia,12.18,0,122.74
08/03/2023,Russia,3.64,0,126.46
08/03/2023,Indonesia,18.63,1,121.77
09/03/2023,Russia,7.46,0,96.54
10/03/2023,Russia,13.27,2,138.76
11/03/2023,Mexico,0.56,1,66.39
11/03/2023,USA,10.02,0,117.4
12/03/2023,USA,7.56,2,153.85
13/03/2023,China,13.6,0,151.88
13/03/2023,China,18.23,1,73.29
14/03/2023,USA,10.79,1,188.01
14/03/2023,Germany,1.69,0,72.93
15/03/2023,Indonesia,2.82,0,51.71
16/03/2023,USA,18.37,2,142.95
17/03/2023,Brazil,9.8,4,136.75
17/03/2023,Russia,19.55,3,65.23
17/03/2023,Indonesia,8.9,1,124.18
18/03/2023,Germany,4.82,2,113.07
18/03/2023,Mexico,15.72,0,100.46
18/03/2023,Brazil,5.03,2,140.24
19/03/2023,Brazil,16.17,1,94.16
20/03/2023,China,17.79,0,105.72
20/03/2023,Nigeria,6.98,1,176.43
21/03/2023,Nigeria,14.06,1,72.53
21/03/2023,Indonesia,19.9,0,153.68
21/03/2023,Germany,9.42,1,56.39
21/03/2023,Brazil,6.62,1,126.95
23/03/2023,Indonesia,4.29,0,61.28
23/03/2023,Brazil,17.62,2,83.43
23/03/2023,Brazil,17.12,0,95.38
24/03/2023,Mexico,11.51,1,133.56
24/03/2023,Philippines,18.07,1,178.61
25/03/2023,Philippines,15.94,2,182.6
25/03/2023,Brazil,2.29,0,185.73
25/03/2023,Russia,12.02,2,113.06
25/03/2023,Germany,0.74,1,173.05
26/03/2023,Russia,10.54,1,81.54
26/03/2023,Nigeria,16.61,1,107.41
26/03/2023,USA,17.26,1,103.99
27/03/2023,Brazil,6.43,0,67.98
27/03/2023,Indonesia,6.84,1,184.02
28/03/2023,Russia,4.82,4,152.59
28/03/2023,Nigeria,14.28,1,121.63
28/03/2023,USA,2.53,1,65.35
29/03/2023,China,1.1,0,70.94
29/03/2023,Russia,2.95,3,174.77
30/03/2023,India,6.12,1,100.29
30/03/2023,Indonesia,4.75,1,53.83
31/03/2023,Indonesia,6.82,2,113.16
31/03/2023,India,11.21,0,167.73
01/04/2023,China,12.89,2,52.49
01/04/2023,Germany,9.58,0,119.6
01/04/2023,Germany,18.91,1,173.07
02/04/2023,Indonesia,6.89,0,63.76
02/04/2023,India,0.54,1,189.41
03/04/2023,Germany,2.79,2,108.96
04/04/2023,USA,6.03,3,151.88
04/04/2023,Philippines,9.33,0,151.68
06/04/2023,India,14.8,0,67.5
06/04/2023,Indonesia,7.08,1,70.29
07/04/2023,Brazil,15.29,0,101.41
07/04/2023,India,7.26,2,145.29
08/04/2023,Philippines,1.63,1,190.73
09/04/2023,Philippines,6.42,0,73.47
09/04/2023,USA,12.3,0,110.29
09/04/2023,Philippines,4.37,0,127.85
10/04/2023,Russia,11.45,2,152.45
10/04/2023,Brazil,8.36,1,179.1
10/04/2023,Mexico,18.13,1,153.7
10/04/2023,Brazil,18.82,1,133.3
11/04/2023,Brazil,1.06,0,113.1
11/04/2023,Brazil,11.21,0,53.33
12/04/2023,Brazil,3.37,1,55.66
12/04/2023,India,3.68,2,154.93
13/04/2023,Indonesia,3.14,2,71.52
13/04/2023,Germany,16.7,3,104.23
15/04/2023,China,3.95,0,51.27
16/04/2023,Mexico,6.35,1,103.37
16/04/2023,Nigeria,3.29,1,118.69
17/04/2023,USA,12.12,0,91.94
17/04/2023,India,8.29,2,197.82
17/04/2023,China,16.95,1,196.04
18/04/2023,Mexico,18.37,3,77.01
18/04/2023,China,1.62,0,168.07
19/04/2023,Germany,0.69,0,137.96
20/04/2023,Mexico,17.03,2,109.75
20/04/2023,USA,9.26,1,161.9
20/04/2023,India,6.18,1,169.45
21/04/2023,Germany,5.32,2,160.09
21/04/2023,India,14.4,0,95.96
22/04/2023,Russia,9.64,2,196.71
22/04/2023,Philippines,5.6,1,180.45
23/04/2023,Philippines,19.87,0,136.5
24/04/2023,USA,7.23,1,71.65
26/04/2023,Germany,17.11,1,192.43
26/04/2023,Indonesia,19.75,2,104.48
27/04/2023,Philippines,15.03,2,137.5
27/04/2023,Mexico,7.89,1,145.92
27/04/2023,USA,16.13,2,175.07
28/04/2023,Indonesia,15.46,1,170.72
29/04/2023,Brazil,15.74,3,178.24
30/04/2023,Nigeria,2.69,1,157.5
30/04/2023,Nigeria,13.94,1,128.79
01/05/2023,Russia,2.68,0,91.52
01/05/2023,China,19.02,1,115.51
01/05/2023,China,2.99,0,198.24
02/05/2023,Philippines,17.74,2,114.79
03/05/2023,India,17.51,0,194.97
03/05/2023,Mexico,0.55,1,188.44
03/05/2023,Philippines,6.05,1,83.81
04/05/2023,Russia,18.44,1,131.87
05/05/2023,Russia,7.12,1,71.96
05/05/2023,China,16.73,2,171.57
05/05/2023,USA,3.9,0,163.55
05/05/2023,Nigeria,12.25,0,143.44
05/05/2023,Mexico,12.36,1,69.23
06/05/2023,India,3.98,0,176.78
06/05/2023,Germany,7.66,2,166.21
06/05/2023,Brazil,12.12,1,70.23
07/05/2023,USA,7.2,0,51.84
07/05/2023,Mexico,6.39,1,76.52
07/05/2023,Philippines,16.01,1,91.96
07/05/2023,Mexico,8.04,2,132.85
08/05/2023,Mexico,0.89,1,117.57
08/05/2023,Russia,6.11,1,134.76
08/05/2023,China,13.67,1,170.9
09/05/2023,India,4.37,3,65.8
09/05/2023,Germany,13.37,1,88.73
09/05/2023,Philippines,10.11,1,124.23
09/05/2023,Brazil,7.47,2,106.43
11/05/2023,Brazil,5.81,2,145.13
12/05/2023,Nigeria,2.05,0,61.83
12/05/2023,Brazil,14.62,1,125.17
14/05/2023,India,13.13,3,125.04
14/05/2023,China,7.01,0,180.25
17/05/2023,Brazil,11.75,0,120.01
18/05/2023,Philippines,14.87,2,149.74
18/05/2023,USA,1.66,1,86.52
18/05/2023,Brazil,3,0,122.65
19/05/2023,Mexico,14.9,0,173.83
19/05/2023,Brazil,9.38,2,143.82
19/05/2023,USA,19.28,4,86.84
20/05/2023,Mexico,15.35,1,55.12
21/05/2023,Philippines,6.2,1,182.9
21/05/2023,India,8.7,1,120.08
23/05/2023,USA,14.34,0,75.9
23/05/2023,India,19.01,1,67.65
24/05/2023,Indonesia,1.4,0,67.2
24/05/2023,Philippines,8.13,1,142.53
24/05/2023,Nigeria,3.31,0,90.08
24/05/2023,Indonesia,5.74,4,59.41
25/05/2023,USA,6.79,1,130.53
25/05/2023,USA,18.22,2,139.95
26/05/2023,Philippines,5.61,2,143.74
26/05/2023,Mexico,10.44,0,178.14
26/05/2023,Mexico,12.12,3,192.51
26/05/2023,India,1.15,1,126.39
27/05/2023,USA,12.45,0,158.84
27/05/2023,Nigeria,12.98,0,194.54
27/05/2023,Philippines,5.35,0,93.23
28/05/2023,Brazil,9.6,0,172.64
28/05/2023,Philippines,14.33,0,53.97
28/05/2023,Nigeria,15.75,0,157.6
29/05/2023,Germany,1.06,1,74.17
30/05/2023,Brazil,19.82,0,129.96
31/05/2023,Nigeria,13.37,2,58.69
31/05/2023,USA,12.08,1,123.34
01/06/2023,USA,19.34,0,116.63
01/06/2023,Mexico,4.82,1,150.33
01/06/2023,Indonesia,16.15,1,88.78
02/06/2023,Philippines,13.29,0,177.84
02/06/2023,Indonesia,9,2,187.02
02/06/2023,Russia,11.99,2,162.55
03/06/2023,Brazil,11.16,1,150.68
03/06/2023,USA,17.99,1,170.35
03/06/2023,Brazil,9.4,1,121.11
04/06/2023,USA,19.73,3,184.33
05/06/2023,Germany,16.15,0,189.45
05/06/2023,Indonesia,2.03,2,76.67
05/06/2023,Germany,15.88,0,164.01
06/06/2023,Brazil,15.94,1,86.16
06/06/2023,China,10.46,2,162.88
07/06/2023,Philippines,15.32,0,91.99
07/06/2023,USA,6.56,0,110.38
08/06/2023,Russia,8.35,1,81.49
09/06/2023,Philippines,13.48,1,179.2
10/06/2023,Indonesia,13.14,0,141.84
12/06/2023,Russia,11.66,4,89.71
12/06/2023,Philippines,0.64,1,105.48
13/06/2023,Indonesia,4.24,1,97.12
13/06/2023,Philippines,1.5,1,74.89
13/06/2023,Nigeria,10.3,1,161.81
13/06/2023,Brazil,17.43,3,52.31
13/06/2023,China,1.84,1,148.22
14/06/2023,China,19.49,0,101.85
14/06/2023,Philippines,10.1,0,75.01
14/06/2023,Brazil,6.55,0,164.53
14/06/2023,Germany,10.42,0,195.96
14/06/2023,Germany,3.59,1,140.69
15/06/2023,USA,1.3,0,66.82
16/06/2023,China,9.73,1,118.17
18/06/2023,China,6.23,0,196.43
19/06/2023,Brazil,7.85,0,52.86
19/06/2023,Philippines,14.21,0,130.34
19/06/2023,Mexico,8.67,2,148.36
19/06/2023,Russia,7.95,1,76.22
20/06/2023,Nigeria,4.1,2,159.31
20/06/2023,Brazil,3.94,0,176.71
22/06/2023,Philippines,3.17,3,198.69
22/06/2023,Germany,6.04,1,96.78
22/06/2023,Philippines,18.94,2,50.85
23/06/2023,Brazil,17.1,1,153.6
23/06/2023,Philippines,15.43,0,158.5
25/06/2023,Indonesia,11.54,1,141.99
25/06/2023,Nigeria,6.62,1,111.85
25/06/2023,Indonesia,1.98,2,199.96
26/06/2023,Brazil,19.77,0,68.41
26/06/2023,China,9.79,2,54.6
27/06/2023,USA,17.13,1,197.61
28/06/2023,Russia,5.69,1,190.34
29/06/2023,Indonesia,11.26,1,82.39
29/06/2023,Brazil,10.46,0,68.54
30/06/2023,USA,18.16,0,91.96
30/06/2023,China,16.8,1,72.56
30/06/2023,Mexico,15.32,2,59.81
02/07/2023,Philippines,19.59,0,184.96
02/07/2023,USA,5.11,0,52.81
03/07/2023,Mexico,9.29,0,111.7
03/07/2023,Indonesia,7.07,2,83.7
04/07/2023,Philippines,4.73,0,189.18
04/07/2023,Philippines,2.42,2,123.64
04/07/2023,Mexico,1.02,1,181.9
04/07/2023,Brazil,3.37,0,136.7
05/07/2023,Brazil,10.62,1,133.04
06/07/2023,China,14.61,2,57.88
07/07/2023,Brazil,7.65,0,168.05
07/07/2023,India,1.18,0,102.53
08/07/2023,China,16.31,1,163.49
08/07/2023,Mexico,3.35,0,170.8
08/07/2023,China,10.6,2,150.88
09/07/2023,Russia,15.57,1,108.84
09/07/2023,China,13,1,83.02
10/07/2023,Philippines,5.39,0,128.05
10/07/2023,Germany,15.64,0,67.02
10/07/2023,Brazil,4.54,2,174.68
11/07/2023,USA,16.28,1,144.4
12/07/2023,Philippines,8.98,3,154.66
12/07/2023,Russia,16.18,0,198.18
13/07/2023,Nigeria,18.6,0,74.31
13/07/2023,USA,6.62,3,82.68
14/07/2023,Germany,11.41,2,128.62
16/07/2023,Nigeria,11.06,0,101.2
16/07/2023,USA,8.88,2,190.33
16/07/2023,Nigeria,18.63,1,102.06
17/07/2023,Philippines,8.95,2,71.6
17/07/2023,India,8.6,0,135.63
18/07/2023,Nigeria,11.24,0,76.26
20/07/2023,Germany,7.37,0,172.32
20/07/2023,Brazil,3.38,0,195.86
20/07/2023,Mexico,11.43,0,78.37
20/07/2023,Mexico,14.24,0,98.02
21/07/2023,Germany,19.69,1,157.08
22/07/2023,India,4.6,2,130.85
23/07/2023,India,7.83,0,87.23
24/07/2023,Brazil,19.93,1,181.14
24/07/2023,Philippines,8.32,0,123.79
24/07/2023,Indonesia,2.63,1,101.79
25/07/2023,Mexico,13.63,0,80.75
25/07/2023,China,11.08,0,168.21
25/07/2023,India,5.84,1,101.39
25/07/2023,India,1.58,1,59.29
25/07/2023,USA,15.1,1,59.93
27/07/2023,Brazil,0.51,0,52.01
28/07/2023,Mexico,9.34,2,98.73
29/07/2023,Germany,5.25,0,149.48
29/07/2023,USA,13.97,0,150.74
30/07/2023,Nigeria,15.75,1,192.6
30/07/2023,Russia,8.54,1,62.77
30/07/2023,Indonesia,8.06,3,115.58
30/07/2023,Indonesia,6.93,1,180.96
31/07/2023,Indonesia,12.04,0,134.03
01/08/2023,Philippines,1,1,173.03
01/08/2023,Philippines,11.99,1,68.24
01/08/2023,India,4.74,1,178.95
01/08/2023,Philippines,6.51,1,97.4
01/08/2023,China,18.3,2,188.03
01/08/2023,Indonesia,7.72,0,126.22
02/08/2023,USA,19.54,1,186.79
02/08/2023,China,9.19,1,124.03
02/08/2023,Germany,18.86,1,184.23
03/08/2023,Philippines,10.85,0,52.92
03/08/2023,Mexico,6.55,2,134.5
04/08/2023,Russia,4.69,0,180.69
05/08/2023,Brazil,11.15,1,93.42
05/08/2023,Germany,9.53,1,124.2
06/08/2023,Germany,13.24,0,83.25
06/08/2023,Germany,1.23,0,195.13
06/08/2023,Philippines,11.68,0,115.02
06/08/2023,China,14.89,1,160.21
06/08/2023,Germany,18.28,0,143.97
07/08/2023,Germany,12.64,2,55.54
07/08/2023,Germany,17.76,1,121.2
08/08/2023,Philippines,3.46,0,87.82
09/08/2023,Indonesia,11.84,0,91.07
09/08/2023,Nigeria,15.6,0,123.57
09/08/2023,India,19.55,0,81.7
09/08/2023,China,11.6,0,111.98
09/08/2023,Russia,10.75,2,187.12
10/08/2023,Indonesia,2.24,1,106.93
10/08/2023,USA,18.69,0,190.56
10/08/2023,Philippines,16.5,1,118.04
10/08/2023,China,6.58,1,175.41
13/08/2023,USA,12.82,1,66.92
13/08/2023,Brazil,17.04,0,188.34
14/08/2023,Germany,6.41,0,165.2
14/08/2023,Brazil,17.52,0,106.71
14/08/2023,Philippines,11.35,0,144.61
15/08/2023,Germany,3.45,0,178.68
15/08/2023,India,17.37,2,115.63
15/08/2023,Nigeria,10.76,1,87.68
16/08/2023,USA,4,2,67.53
16/08/2023,Mexico,12.2,1,181.41
16/08/2023,China,15.82,4,127.19
16/08/2023,Russia,6.65,1,154.42
17/08/2023,Russia,8.41,0,83.74
17/08/2023,Russia,5.63,3,194.83
18/08/2023,Brazil,3.56,1,59.79
19/08/2023,Mexico,15.44,3,70.1
19/08/2023,Germany,15.08,0,191.7
19/08/2023,Philippines,4.12,1,131.44
19/08/2023,India,11.9,0,101.53
20/08/2023,Russia,17.23,0,146.63
20/08/2023,Indonesia,6.48,2,142.19
22/08/2023,USA,2.81,3,172.1
23/08/2023,Russia,9.71,0,180.71
23/08/2023,Brazil,8.83,0,175.48
23/08/2023,Brazil,9.29,1,136.83
23/08/2023,Mexico,1.75,0,197.38
24/08/2023,Russia,14.33,0,96.44
24/08/2023,Philippines,14.67,1,154.39
25/08/2023,India,7.27,0,187.5
25/08/2023,Brazil,5.33,0,175.84
26/08/2023,Indonesia,8.35,0,112.46
26/08/2023,Indonesia,10.47,1,111.59
27/08/2023,Mexico,14.17,1,132.3
27/08/2023,Philippines,14.66,1,60.29
27/08/2023,Germany,12.29,1,176.68
28/08/2023,USA,7.13,0,57.11
28/08/2023,Indonesia,15.75,1,84.64
28/08/2023,Philippines,11.31,0,57.68
30/08/2023,Russia,16.82,1,171.57
31/08/2023,China,2.17,0,165.96
31/08/2023,USA,12.09,1,111.07
31/08/2023,Mexico,6.1,1,53.25
01/09/2023,China,9.62,1,80.37
01/09/2023,USA,16.22,1,117.23
02/09/2023,USA,6.47,0,191.49
02/09/2023,USA,10.48,2,189.64
02/09/2023,Germany,2.87,1,63.13
03/09/2023,Russia,18.43,1,69.34
04/09/2023,Brazil,3.03,1,51.12
04/09/2023,India,18.24,0,75.46
04/09/2023,USA,4.56,5,109.01
04/09/2023,Indonesia,17.5,3,76.46
05/09/2023,Germany,7.62,1,128.27
05/09/2023,Indonesia,13.21,1,53.81
05/09/2023,USA,5.6,0,98.99
06/09/2023,Philippines,1.32,1,197.12
06/09/2023,India,2.3,2,71
07/09/2023,Brazil,2.36,4,113.67
08/09/2023,Russia,9.37,2,105.88
08/09/2023,Indonesia,8.85,1,63.36
08/09/2023,Russia,16.63,0,89.08
09/09/2023,Brazil,15.34,0,116.94
10/09/2023,Brazil,4.73,0,117.6
11/09/2023,Brazil,0.52,0,196.48
11/09/2023,Brazil,10.98,2,153.78
11/09/2023,Germany,2.03,2,63.57
11/09/2023,India,18.04,0,79.4
12/09/2023,Philippines,10.55,0,185.02
13/09/2023,Indonesia,12.89,3,159.1
13/09/2023,USA,9.46,3,112.14
13/09/2023,Russia,3.95,0,122.51
14/09/2023,USA,2.9,2,114.39
14/09/2023,China,9.82,1,61.91
14/09/2023,Russia,15.52,2,167.4
15/09/2023,USA,12.97,2,124.21
15/09/2023,USA,6.57,0,144.93
16/09/2023,Nigeria,18.91,0,148.27
16/09/2023,Philippines,9.21,0,89.07
16/09/2023,Philippines,17.43,2,157.53
17/09/2023,Germany,0.98,3,99.6
17/09/2023,China,1.98,1,110.13
17/09/2023,Philippines,15.06,1,77.92
17/09/2023,Nigeria,3.9,0,86.59
18/09/2023,India,17.85,1,78.97
18/09/2023,Brazil,14.2,1,63.45
18/09/2023,Brazil,1.45,0,95.13
19/09/2023,Mexico,0.97,3,111.37
19/09/2023,China,8.76,1,101.27
20/09/2023,Indonesia,1.32,1,98.49
20/09/2023,Nigeria,15.51,2,164.29
21/09/2023,Nigeria,19.19,1,171.7
21/09/2023,Nigeria,10.39,1,162.32
21/09/2023,Russia,8.07,1,101.81
21/09/2023,Germany,10.25,2,197.55
22/09/2023,Brazil,18.1,2,190.59
22/09/2023,China,2.13,2,144.43
22/09/2023,China,14.89,2,167.51
23/09/2023,Nigeria,8.75,1,94.58
24/09/2023,Brazil,17.27,1,181.77
24/09/2023,Indonesia,8.43,2,117.63
27/09/2023,USA,3.05,2,147.85
27/09/2023,USA,15.76,1,105.89
27/09/2023,Germany,7.98,0,178.12
28/09/2023,Germany,13.09,0,173.45
29/09/2023,India,7.46,2,76.4
29/09/2023,Nigeria,2.16,4,104.46
29/09/2023,China,17.71,2,182.73
29/09/2023,China,14.64,0,57.31
30/09/2023,Philippines,14.64,1,165.52
30/09/2023,Nigeria,3.3,2,196.83
30/09/2023,USA,19.46,0,160.02
01/10/2023,Mexico,13.54,1,183.92
02/10/2023,Russia,5.2,2,62.53
02/10/2023,Indonesia,4.61,0,181.89
03/10/2023,Mexico,7.67,1,169.42
03/10/2023,Germany,7.37,2,125.04
03/10/2023,Mexico,9.65,1,103.41
03/10/2023,Philippines,8.28,0,68.58
04/10/2023,India,7.52,0,185.85
04/10/2023,Indonesia,18.07,1,173.47
04/10/2023,USA,18.42,5,177.45
04/10/2023,Nigeria,8.77,4,136.35
05/10/2023,Germany,11.26,1,126.87
05/10/2023,Mexico,14.36,0,103.25
05/10/2023,Philippines,7.68,1,74.1
06/10/2023,Indonesia,8.23,0,192.68
06/10/2023,Russia,19.74,2,89.73
07/10/2023,Brazil,15.13,1,98.88
07/10/2023,Russia,18.62,1,177.33
08/10/2023,Brazil,8.79,2,89.92
08/10/2023,Mexico,15.74,2,87.23
08/10/2023,Germany,18.52,1,106.39
09/10/2023,Brazil,18.57,2,188.75
09/10/2023,Germany,6.87,1,92.78
09/10/2023,India,7.25,1,129.29
09/10/2023,Nigeria,14.01,1,118.84
09/10/2023,Indonesia,16.93,1,109.27
11/10/2023,Nigeria,2.92,1,114.87
11/10/2023,Germany,7.74,1,133.58
11/10/2023,Russia,13.07,0,68.4
12/10/2023,Nigeria,9.65,0,135.24
12/10/2023,Germany,12.66,2,147.23
13/10/2023,Philippines,10.66,1,142.53
13/10/2023,Indonesia,14.16,5,152.97
13/10/2023,Mexico,12.57,3,132.71
14/10/2023,Mexico,0.74,0,90.65
14/10/2023,Mexico,5.8,0,113.76
14/10/2023,USA,7.28,0,129.55
15/10/2023,China,0.64,1,51.24
16/10/2023,Nigeria,10.47,0,144.87
17/10/2023,USA,15.85,0,72.85
17/10/2023,Brazil,16.56,1,148.84
17/10/2023,China,11.57,3,57.81
17/10/2023,USA,2.47,0,178.97
19/10/2023,China,9.86,2,176.16
19/10/2023,India,12.56,0,177.44
19/10/2023,China,13.51,0,147.74
20/10/2023,Philippines,6.46,1,69.01
20/10/2023,India,13.54,1,108.48
20/10/2023,Nigeria,11.25,0,73.58
21/10/2023,India,15.24,1,104.25
21/10/2023,Germany,8.78,2,164.36
21/10/2023,Russia,8.46,0,175.48
22/10/2023,USA,15.31,0,157.54
22/10/2023,USA,16.47,2,140.71
22/10/2023,USA,16.89,0,163.38
22/10/2023,Russia,11.18,0,134.7
23/10/2023,Brazil,14.38,1,177.25
23/10/2023,Brazil,5.86,0,79.53
24/10/2023,Russia,4.94,1,167.38
25/10/2023,Germany,14.33,2,93.5
25/10/2023,USA,8.46,0,192.54
25/10/2023,Germany,8.99,1,85.88
25/10/2023,Philippines,1.31,0,192.84
25/10/2023,Brazil,4.26,0,109.61
26/10/2023,Brazil,19.42,0,126.12
26/10/2023,USA,1.75,0,181.63
26/10/2023,India,8.08,0,187.49
26/10/2023,Germany,13.49,1,145.32
27/10/2023,Russia,7.54,1,112.31
28/10/2023,Germany,12.73,0,60.19
28/10/2023,Nigeria,7.33,0,166.69
28/10/2023,China,9.07,0,136.15
28/10/2023,USA,11.77,0,195.94
30/10/2023,Indonesia,13.5,2,62.39
31/10/2023,India,17.99,0,50.78
31/10/2023,Nigeria,1.89,0,64.6
02/11/2023,Brazil,7.2,1,66.39
02/11/2023,Brazil,2.29,0,179.98
03/11/2023,India,12.36,3,74.14
03/11/2023,Germany,19.9,3,52.05
03/11/2023,Indonesia,16.88,1,58.24
04/11/2023,Germany,18.99,1,175.61
05/11/2023,Nigeria,16.84,3,73.68
05/11/2023,Indonesia,6.94,3,188.55
06/11/2023,Nigeria,18.14,2,85.61
06/11/2023,China,8.96,1,194.95
06/11/2023,Brazil,13.89,1,70.44
07/11/2023,China,19.26,1,154.28
07/11/2023,Russia,2.83,2,58.08
08/11/2023,Russia,14.15,0,83.29
08/11/2023,Germany,11.74,1,60.05
09/11/2023,India,4.3,1,121.22
10/11/2023,Germany,18,0,102.04
10/11/2023,India,10.87,1,183.11
11/11/2023,Germany,1.6,1,160.78
11/11/2023,Philippines,8.52,0,197.06
12/11/2023,Russia,10.4,1,180.81
13/11/2023,Russia,13.48,0,85.35
13/11/2023,Philippines,7.01,3,194.39
13/11/2023,Mexico,3.6,2,139.63
14/11/2023,Mexico,12.96,0,109.24
14/11/2023,Brazil,11.52,3,145.39
14/11/2023,USA,8.91,3,142.81
14/11/2023,China,8.01,1,171.02
14/11/2023,Germany,14.1,1,84.48
15/11/2023,Mexico,15.99,1,64.69
15/11/2023,Nigeria,0.52,4,85.02
15/11/2023,Germany,2.54,0,154.21
16/11/2023,Philippines,15.77,1,87.65
17/11/2023,Mexico,5.42,0,106.82
18/11/2023,Brazil,10.93,1,163.53
19/11/2023,China,14.74,1,191.05
19/11/2023,Russia,10.88,0,176.74
19/11/2023,Philippines,3.14,1,176.63
20/11/2023,India,13.91,0,81.15
21/11/2023,China,3.71,0,197.61
21/11/2023,Nigeria,5.52,0,80.53
22/11/2023,Brazil,3.17,1,164.27
22/11/2023,Germany,11.8,1,126.47
22/11/2023,Philippines,5.07,2,55.2
25/11/2023,Indonesia,12.43,2,71.37
25/11/2023,Russia,18.34,0,57
26/11/2023,Russia,5.81,0,178.7
26/11/2023,Nigeria,14.43,1,173.58
26/11/2023,Philippines,11.6,0,63.12
27/11/2023,Indonesia,14.14,1,160.06
27/11/2023,Philippines,16.38,2,103.51
27/11/2023,Nigeria,12.26,0,199.93
27/11/2023,Russia,0.54,2,91.13
28/11/2023,Nigeria,10.23,1,197.73
28/11/2023,Indonesia,7.23,3,168.81
29/11/2023,Germany,13.22,2,165.1
29/11/2023,Indonesia,2.52,3,177.08
30/11/2023,China,18.78,1,127.55
01/12/2023,Nigeria,9.75,1,176.66
01/12/2023,Indonesia,4.44,1,99.53
03/12/2023,China,4.25,1,53.86
03/12/2023,China,17.62,1,123.19
04/12/2023,Germany,7.94,1,82.78
05/12/2023,Philippines,18.1,1,178.62
05/12/2023,China,1.41,2,88.68
05/12/2023,Germany,16.03,2,160.74
06/12/2023,India,15.51,0,64.92
07/12/2023,USA,16.91,0,108.89
07/12/2023,Indonesia,16.31,0,89.53
07/12/2023,Nigeria,18.68,1,78.15
08/12/2023,India,8.78,2,55.93
08/12/2023,Russia,19.25,1,102.15
08/12/2023,China,16.47,2,150.91
10/12/2023,Indonesia,2.57,2,101.61
10/12/2023,Indonesia,6.25,0,178.75
10/12/2023,Philippines,2.58,1,159.85
10/12/2023,China,17.42,0,186.08
11/12/2023,Germany,17.99,1,121.74
11/12/2023,Philippines,1.24,3,127.76
11/12/2023,China,3.8,0,129.85
12/12/2023,Brazil,6.65,1,140.03
12/12/2023,India,19.6,1,177.38
12/12/2023,Mexico,9.5,0,170.34
12/12/2023,India,11.65,0,95.43
13/12/2023,USA,17.14,2,199.58
14/12/2023,Mexico,17.79,1,82.07
14/12/2023,USA,18.59,0,56.36
15/12/2023,Nigeria,3.89,0,54.8
15/12/2023,Brazil,2.19,0,181.23
15/12/2023,USA,5.29,1,107.07
16/12/2023,Germany,6.75,0,137.75
16/12/2023,Brazil,9.31,2,166.98
17/12/2023,Philippines,6.76,1,191.5
18/12/2023,Nigeria,8.91,0,150.38
19/12/2023,Philippines,9.33,1,148.87
20/12/2023,Brazil,16.78,1,66.08
20/12/2023,Brazil,6.69,0,67.1
20/12/2023,Nigeria,19.74,1,61.27
21/12/2023,Brazil,8.64,1,96.49
22/12/2023,Mexico,13.18,0,189.17
22/12/2023,Nigeria,18.42,1,118.83
22/12/2023,Philippines,1.54,1,149.41
23/12/2023,Germany,14.65,1,66
24/12/2023,Mexico,10.63,0,113.29
24/12/2023,Germany,1.43,0,69.53
24/12/2023,Germany,7.41,4,77.21
24/12/2023,USA,14.97,1,193.45
27/12/2023,Philippines,15.58,1,55.14
28/12/2023,USA,19.7,1,64.58
28/12/2023,India,11.41,0,184.34
29/12/2023,Nigeria,13.98,1,166.81
29/12/2023,Mexico,7.79,0,61.73
31/12/2023,Russia,10.67,0,135.78
31/12/2023,Indonesia,4.13,0,79.74
01/01/2024,USA,12.07,2,74.69
01/01/2024,Nigeria,9.9,4,75.27
02/01/2024,India,6.81,0,185.43
02/01/2024,China,15.69,0,168.12
03/01/2024,India,11.45,0,109.65
04/01/2024,Indonesia,3.66,0,54
06/01/2024,USA,5.73,0,189.19
06/01/2024,Mexico,1.93,1,65.79
06/01/2024,India,12.1,0,168.83
07/01/2024,India,9.67,0,191.34
08/01/2024,Russia,3.2,2,147.22
08/01/2024,China,7.91,0,150.74
09/01/2024,Indonesia,10.87,2,177.02
09/01/2024,Indonesia,2.17,4,73.29
09/01/2024,Indonesia,19.09,0,194.38
10/01/2024,Mexico,15.02,2,121.52
11/01/2024,USA,7,0,53.48
11/01/2024,Indonesia,8.84,1,75.82
11/01/2024,Russia,11.72,1,71.42
11/01/2024,Nigeria,8.97,0,158.5
11/01/2024,China,9.64,0,90
11/01/2024,Russia,18.96,1,91.19
11/01/2024,Germany,4.62,3,125.91
12/01/2024,Germany,9.15,0,119.67
12/01/2024,Mexico,1.24,1,148.57
13/01/2024,Philippines,18.36,0,164.78
13/01/2024,India,18.09,1,141.89
13/01/2024,Brazil,16.84,0,94.51
13/01/2024,Indonesia,13.84,1,198.96
14/01/2024,Russia,4.16,3,107.69
14/01/2024,Philippines,19.68,1,176.9
15/01/2024,India,14.7,1,97.57
16/01/2024,USA,5.85,3,111.65
16/01/2024,Philippines,3.55,1,74.61
16/01/2024,Indonesia,6.96,0,183.15
16/01/2024,Russia,11.65,3,91.1
16/01/2024,India,12.13,1,187.46
16/01/2024,Mexico,1.3,1,53.81
16/01/2024,Russia,15.32,2,133.48
16/01/2024,Germany,13.08,0,65.55
17/01/2024,Nigeria,11.16,0,124.28
17/01/2024,Philippines,2.62,2,133.28
17/01/2024,India,6.39,0,121.35
17/01/2024,Mexico,12.92,0,68.02
18/01/2024,USA,5.78,1,57.97
19/01/2024,India,19.14,0,193.28
20/01/2024,Philippines,1.02,3,184.07
20/01/2024,Russia,3.32,1,130.09
21/01/2024,Mexico,1.36,0,53.5
21/01/2024,Germany,17.62,2,54.36
22/01/2024,Germany,7.07,1,161.13
23/01/2024,China,0.65,0,82.16
23/01/2024,India,11.82,0,82.45
23/01/2024,USA,9.67,0,123.06
23/01/2024,Brazil,6.8,1,119.58
24/01/2024,Mexico,6.51,2,127.11
25/01/2024,USA,13.72,1,136.79
26/01/2024,China,6.56,0,136.88
28/01/2024,Brazil,1.22,2,160.74
28/01/2024,Brazil,19.23,0,58.95
29/01/2024,Brazil,19.77,2,143.84
29/01/2024,Philippines,7.06,0,127.5
29/01/2024,Nigeria,10.91,0,93.02
29/01/2024,Mexico,19.48,0,171.24
29/01/2024,Nigeria,2.87,1,92.85
29/01/2024,Russia,7.2,3,158.44
30/01/2024,Philippines,13.38,1,183.68
31/01/2024,USA,10.45,0,104.71
01/02/2024,Mexico,8.7,1,157.38
02/02/2024,USA,18.71,1,169.75
02/02/2024,Germany,7.86,0,156.77
02/02/2024,China,9.58,1,195.57
03/02/2024,India,9.74,1,147.68
03/02/2024,Indonesia,11.63,2,110.23
03/02/2024,USA,19.88,0,102.25
05/02/2024,Mexico,4.5,0,63.2
06/02/2024,Indonesia,7.17,0,156.76
06/02/2024,Russia,15.41,2,198.4
07/02/2024,Germany,17.25,2,198.41
07/02/2024,Indonesia,7.99,2,146.56
08/02/2024,Philippines,14.74,1,112.31
