Date,Country,Plastic_Waste_Tons,Plastic_Recycled_Tons
1/1/2020,India,3110.06,828.67
2/1/2020,India,2121.17,427.52
3/1/2020,USA,2842.42,695.35
4/1/2020,Russia,2654.88,287.71
4/1/2020,Mexico,3863.7,81.52
5/1/2020,Nigeria,2448.47,1396.26
6/1/2020,India,1819.62,256.92
6/1/2020,Brazil,678.76,529.97
6/1/2020,China,2109.05,429.78
7/1/2020,India,524.97,555.43
7/1/2020,Mexico,1194.04,411.91
8/1/2020,Brazil,3634.2,408.19
8/1/2020,India,629.54,1196.32
11/1/2020,Mexico,7374.1,184.65
11/1/2020,Mexico,2546.6,548.83
12/1/2020,Brazil,2155.19,441.25
13/01/2020,Russia,1711.06,458.76
13/01/2020,Brazil,2067.88,19.64
14/01/2020,Nigeria,936.61,629.19
14/01/2020,Nigeria,4333.63,822.36
15/01/2020,Brazil,1826.84,281.83
16/01/2020,USA,3405.69,160.42
16/01/2020,China,1327.21,336.53
17/01/2020,Brazil,2577.82,143.47
17/01/2020,Russia,1604.64,952.31
17/01/2020,Brazil,358.92,1151.67
19/01/2020,Indonesia,2358.77,961.54
20/01/2020,India,1058.94,326.04
20/01/2020,Germany,2585.73,3482.39
20/01/2020,Philippines,1659.45,2750.97
21/01/2020,Germany,1003.84,331.35
24/01/2020,India,3895.6,314.21
24/01/2020,Nigeria,1522.81,127.47
26/01/2020,India,1997.2,883.29
26/01/2020,Mexico,1354.27,604.4
29/01/2020,USA,1518.84,65.03
29/01/2020,Philippines,1875.15,173.89
29/01/2020,Philippines,2145.34,1023.74
29/01/2020,Indonesia,136.45,555.27
31/01/2020,Nigeria,1798.22,764.94
31/01/2020,Russia,2009.69,362.83
1/2/2020,Indonesia,1923.77,329.86
2/2/2020,China,434.25,2711.13
2/2/2020,Russia,468.53,49.48
3/2/2020,India,461.81,1225.05
3/2/2020,Indonesia,1676.86,325.19
4/2/2020,India,1396.71,990.9
5/2/2020,Indonesia,2916.72,1277.65
7/2/2020,Nigeria,4525.43,298.5
8/2/2020,Nigeria,909.87,436.02
8/2/2020,Russia,2454.41,365.91
8/2/2020,Nigeria,437.72,2875.26
9/2/2020,Brazil,3653.42,238.28
9/2/2020,Mexico,1882.68,124.32
10/2/2020,Brazil,2514.42,1304.49
11/2/2020,Brazil,1646.98,264.57
11/2/2020,USA,1480.04,303.75
12/2/2020,Indonesia,2633.54,814.48
12/2/2020,Indonesia,478.98,696.58
13/02/2020,Russia,1523.13,345.89
13/02/2020,Philippines,3031.16,3558.7
14/02/2020,Brazil,4323.24,1627.46
14/02/2020,Germany,923.11,1337.86
16/02/2020,Mexico,2567.83,666.76
17/02/2020,Philippines,3210.28,409.37
18/02/2020,Indonesia,1624.26,509.14
20/02/2020,Philippines,1405.39,37.06
20/02/2020,Russia,598.8,78.56
21/02/2020,China,1382.28,572.55
21/02/2020,Mexico,1183.83,1499.29
22/02/2020,China,2459.92,435.48
22/02/2020,India,2738.06,428.74
22/02/2020,India,2217.57,277.34
23/02/2020,Mexico,607.57,1746.49
23/02/2020,Brazil,2227.73,489.58
23/02/2020,Nigeria,2142.15,2006.12
24/02/2020,Germany,2970.06,445.93
24/02/2020,Mexico,1380.21,292.58
24/02/2020,Mexico,141.3,2849.71
25/02/2020,USA,7401.3,2559.11
25/02/2020,India,1450.84,836.44
26/02/2020,USA,1863.34,487.65
27/02/2020,Indonesia,811.84,564.71
28/02/2020,Mexico,1514.38,436.8
28/02/2020,Indonesia,3656.18,273.79
29/02/2020,USA,1290.65,666.55
29/02/2020,Russia,2408.1,77.65
29/02/2020,Brazil,2114.33,702.96
29/02/2020,Russia,216.25,171.34
2/3/2020,Nigeria,1058.03,2154.1
3/3/2020,China,217.73,502.54
3/3/2020,Philippines,698.87,964.8
4/3/2020,Philippines,60.44,91.07
4/3/2020,Nigeria,2618.65,961.32
4/3/2020,Nigeria,2836.54,347.2
5/3/2020,Philippines,5115.04,1026.95
5/3/2020,Brazil,1062.88,581.25
5/3/2020,Nigeria,860.36,2699.86
6/3/2020,USA,1391.85,115.86
6/3/2020,India,2147.03,424.39
6/3/2020,China,2043.68,1463.02
7/3/2020,Russia,2035.86,651.87
7/3/2020,India,1566.66,203.83
8/3/2020,USA,1439.62,495.05
9/3/2020,Russia,1502.63,903.69
9/3/2020,Brazil,968.47,755.06
12/3/2020,China,2176.96,807.77
14/03/2020,Russia,3429.5,502.18
14/03/2020,Brazil,1685.16,93.3
15/03/2020,Russia,439.05,651.34
15/03/2020,USA,670.08,757.67
16/03/2020,USA,854.75,116.19
16/03/2020,Brazil,1433.17,1003.2
16/03/2020,Brazil,2980.86,768.95
17/03/2020,Russia,757.4,39.4
17/03/2020,China,1079.39,1544.48
17/03/2020,Nigeria,790.66,455.08
18/03/2020,Russia,3530.03,392.26
18/03/2020,Philippines,2276.79,906.05
19/03/2020,China,6309.73,347
19/03/2020,Mexico,2143.26,656.23
20/03/2020,Indonesia,2624.59,104.67
20/03/2020,Mexico,1599.04,320.33
21/03/2020,Nigeria,1271.51,384.03
21/03/2020,Mexico,457.76,83.65
22/03/2020,India,2352.43,228
22/03/2020,Philippines,1933.51,1225.92
22/03/2020,Nigeria,1674.97,978.02
23/03/2020,Mexico,1027.69,316.5
23/03/2020,China,194.82,403.13
23/03/2020,Brazil,3701.59,1670.07
25/03/2020,China,1460.09,127.98
25/03/2020,Nigeria,4676.95,498.42
25/03/2020,Indonesia,2182.09,182.77
26/03/2020,Indonesia,3870.29,1082.68
26/03/2020,Mexico,1237.93,239.14
27/03/2020,Brazil,1541.98,1497.09
27/03/2020,China,1731.14,411.94
27/03/2020,USA,2010.04,133.29
29/03/2020,Indonesia,2171.51,900.48
29/03/2020,China,578.58,829.84
30/03/2020,Nigeria,2495.29,1257.28
30/03/2020,China,4150.12,718.62
30/03/2020,Brazil,1052.16,254.28
30/03/2020,Brazil,3962.26,284.36
31/03/2020,China,1829.19,755.16
31/03/2020,Germany,2758.6,854.33
31/03/2020,Brazil,1795.97,1477.81
31/03/2020,USA,740.09,221.13
2/4/2020,Mexico,1779.75,851.17
2/4/2020,Indonesia,3934.17,791.55
2/4/2020,USA,3623.4,225.37
2/4/2020,Indonesia,790.79,565.9
3/4/2020,Mexico,1572.39,66.25
3/4/2020,Brazil,1210.34,226.41
3/4/2020,Brazil,2099.76,389.68
3/4/2020,India,1142.92,671.5
4/4/2020,USA,491.71,243.73
4/4/2020,Mexico,2157.01,1148.49
6/4/2020,Brazil,903.27,3824.38
6/4/2020,Indonesia,2199.89,477.23
7/4/2020,Mexico,1443.22,387.54
7/4/2020,Mexico,2000.48,350.39
9/4/2020,China,2485.5,593.04
9/4/2020,Philippines,3139.95,780.67
10/4/2020,China,238.86,1557.61
11/4/2020,Brazil,2312.7,1397.48
12/4/2020,Russia,2624.32,3489.74
12/4/2020,China,2391.98,351.17
12/4/2020,Nigeria,481.96,588.09
13/04/2020,Philippines,748.12,250.06
13/04/2020,Russia,1898.5,382.84
13/04/2020,Mexico,1862.12,798.26
13/04/2020,Philippines,2708.11,470.43
13/04/2020,Germany,1181.7,607.3
14/04/2020,Russia,697.6,566.07
14/04/2020,Philippines,2422.3,161.13
15/04/2020,Brazil,3548.96,1038.46
15/04/2020,Brazil,2983.23,651.64
15/04/2020,Mexico,2717.54,776.81
15/04/2020,Indonesia,1755.79,1011.86
16/04/2020,Mexico,3217.65,24.97
16/04/2020,Philippines,393.4,439.47
17/04/2020,Russia,3090.61,1230.09
17/04/2020,Philippines,2316.47,608.66
17/04/2020,USA,2408.29,852.89
17/04/2020,China,1331.24,160.71
19/04/2020,Russia,727.22,1455.55
19/04/2020,Indonesia,1266.08,674.22
20/04/2020,Brazil,1028.33,121.25
21/04/2020,Indonesia,736.94,1017.66
21/04/2020,India,838.69,1530.49
22/04/2020,China,2269.19,267.83
23/04/2020,Nigeria,1357.15,99.9
23/04/2020,USA,1015.63,24.31
24/04/2020,Mexico,870.69,635.1
24/04/2020,Indonesia,937.67,302.58
25/04/2020,Germany,4250.62,95.63
25/04/2020,India,3490.34,678.12
26/04/2020,Russia,3397,1188.18
26/04/2020,India,3446.69,362.79
27/04/2020,Russia,3622.23,1826.61
27/04/2020,Nigeria,1781.12,804.65
28/04/2020,Russia,1483.93,866.81
28/04/2020,Indonesia,1867.35,572.86
28/04/2020,Mexico,471.39,673.99
29/04/2020,Indonesia,1690.56,584.4
30/04/2020,Mexico,4578.29,197.99
30/04/2020,Russia,1728.61,1441.07
1/5/2020,USA,1866.35,398.23
2/5/2020,Indonesia,551.82,58.16
2/5/2020,Nigeria,1855.76,856.98
2/5/2020,Indonesia,576.87,347.76
3/5/2020,Brazil,1765.96,2221.37
3/5/2020,Mexico,1687.44,542.32
4/5/2020,Philippines,1506.92,1466.73
4/5/2020,China,131.67,1325.82
4/5/2020,Philippines,2339,1071.58
4/5/2020,Brazil,829.01,767.94
4/5/2020,Nigeria,1257.43,727.94
6/5/2020,Germany,1082.03,508.68
6/5/2020,USA,3231.16,80.07
7/5/2020,Philippines,1723.87,56.14
7/5/2020,Mexico,2366.74,1354.43
7/5/2020,Indonesia,503.51,542.48
8/5/2020,Germany,3037.88,404.13
9/5/2020,USA,2290.43,995.78
9/5/2020,Mexico,992.73,203.4
10/5/2020,Indonesia,2407.3,497.1
10/5/2020,USA,880.14,611.87
10/5/2020,Philippines,591.97,1144.8
11/5/2020,Brazil,1131.38,198.37
11/5/2020,Philippines,922.63,1111.57
12/5/2020,Mexico,4090.11,542.47
13/05/2020,India,1516.04,861.78
14/05/2020,India,650.88,37.58
14/05/2020,India,1931.98,1661.54
14/05/2020,USA,1683.28,943.16
15/05/2020,Mexico,786.92,532.23
17/05/2020,Russia,163.43,1300.63
17/05/2020,Indonesia,2354.32,1354.37
17/05/2020,Indonesia,2741.59,571.02
18/05/2020,Philippines,5993.71,774.62
18/05/2020,Brazil,847.23,118.18
18/05/2020,Germany,1463.39,1154.26
19/05/2020,Nigeria,2259.41,118.3
19/05/2020,Brazil,1846.12,793.89
20/05/2020,Mexico,2847.39,2076.55
20/05/2020,USA,2381.64,860.61
20/05/2020,Brazil,2467.97,2240.02
20/05/2020,Philippines,1194.48,590.04
20/05/2020,Mexico,919.26,377.9
21/05/2020,Nigeria,409.07,904.48
21/05/2020,Germany,2237.74,160.9
21/05/2020,Mexico,1097.43,1557.24
22/05/2020,Germany,2021.76,407.48
22/05/2020,Russia,2711.07,26.99
22/05/2020,Nigeria,752.3,1022.98
22/05/2020,Russia,1768.71,585.99
23/05/2020,Germany,2641.73,305.42
25/05/2020,India,2422.93,303.02
25/05/2020,Russia,4131.49,2032.72
25/05/2020,China,899.97,1753.73
26/05/2020,Indonesia,333.58,1468.32
26/05/2020,Russia,2281.24,563.8
27/05/2020,Philippines,2355.69,2248.17
28/05/2020,Nigeria,1624.74,1392.13
29/05/2020,China,1767.82,106.37
29/05/2020,Indonesia,3120.52,492.1
29/05/2020,Mexico,6669.37,28.16
30/05/2020,Brazil,429.94,618.39
30/05/2020,Philippines,1357.33,986.25
30/05/2020,Philippines,2270.92,1188.33
31/05/2020,Indonesia,2760.58,619.16
31/05/2020,India,2400.18,427.03
31/05/2020,Germany,4902.8,1462.5
31/05/2020,Mexico,1393.52,243.01
31/05/2020,Mexico,1262.04,121.33
31/05/2020,Mexico,2175.15,520.16
2/6/2020,India,1298.5,179.01
2/6/2020,Russia,711.74,160.82
2/6/2020,Nigeria,2409.37,1674.97
3/6/2020,Philippines,1113.57,193.2
3/6/2020,Nigeria,2332.53,1701.82
3/6/2020,China,5789.31,868.12
3/6/2020,Indonesia,888.03,1687.05
4/6/2020,Nigeria,966.28,861.55
5/6/2020,Nigeria,4878.54,649.42
6/6/2020,India,6070.7,1837.23
6/6/2020,Nigeria,4699.33,270.01
7/6/2020,Brazil,1329.94,733.59
7/6/2020,Mexico,1589.14,556.71
8/6/2020,Brazil,1527.84,1279.51
8/6/2020,USA,3396.21,3400.95
10/6/2020,Russia,3256.01,491.78
10/6/2020,China,2003.34,2386.6
10/6/2020,India,2267.27,1735.8
10/6/2020,Germany,226.03,61.93
10/6/2020,Brazil,5393.01,497.98
10/6/2020,China,2269.34,657.44
10/6/2020,USA,2646.76,390.3
10/6/2020,Nigeria,1077.99,124.16
11/6/2020,Indonesia,2032.39,331.63
12/6/2020,Germany,7298,1000.71
12/6/2020,Indonesia,1745.45,692.46
13/06/2020,Mexico,1341.97,953.32
13/06/2020,Indonesia,2276.26,40.44
13/06/2020,India,6112.59,953.88
13/06/2020,Mexico,1172.26,1338.55
14/06/2020,China,469.55,1185.64
14/06/2020,China,1373.93,3049.5
15/06/2020,Germany,923.05,626.73
15/06/2020,Russia,4169.21,842.16
15/06/2020,Mexico,3265.01,1291.59
16/06/2020,Russia,1089.97,631.86
16/06/2020,India,993.57,517.63
16/06/2020,USA,1413.91,739.72
16/06/2020,Germany,2895.41,1777.59
16/06/2020,Germany,4722.66,486.82
18/06/2020,Russia,796.52,77.69
20/06/2020,Nigeria,869,2005.91
20/06/2020,Germany,1814.62,1681.37
21/06/2020,Nigeria,694.82,1029.96
22/06/2020,Russia,1973.55,414.79
22/06/2020,Mexico,1924.79,661.69
22/06/2020,Mexico,5970.17,162.87
23/06/2020,Indonesia,1305.1,1408.4
23/06/2020,Russia,726.43,3510.62
24/06/2020,Germany,1094.13,72.2
24/06/2020,USA,3805.41,161.77
24/06/2020,Nigeria,3979.41,68.11
25/06/2020,India,1123.18,1297.8
26/06/2020,USA,5829.61,1309.28
26/06/2020,Russia,2125.25,432.07
27/06/2020,Mexico,671.24,551.51
28/06/2020,Russia,3822.94,734.71
29/06/2020,USA,981.44,156.23
29/06/2020,Indonesia,1275.06,521.69
2/7/2020,Russia,3062.47,193.63
3/7/2020,India,2030.49,776.51
3/7/2020,China,1330.96,552.66
3/7/2020,Philippines,1598.04,608.42
3/7/2020,Philippines,2161.15,1575.52
4/7/2020,Indonesia,1434.24,1152.89
5/7/2020,India,3504.81,301.08
5/7/2020,Nigeria,2604.79,424.16
5/7/2020,Germany,1020.12,862.37
5/7/2020,Brazil,1615.69,392.74
6/7/2020,Germany,1271.79,770.1
6/7/2020,Germany,958.61,225.47
6/7/2020,Germany,784.4,492.57
6/7/2020,Russia,5513.26,360.3
8/7/2020,USA,2178.49,110.03
8/7/2020,Russia,3430.52,912.19
8/7/2020,China,1033.49,638.77
9/7/2020,India,515.19,826.44
9/7/2020,China,463,978.59
9/7/2020,India,944.67,1490.33
10/7/2020,China,1814.01,773.76
10/7/2020,Indonesia,2837.07,193.23
10/7/2020,Philippines,4158.65,868.73
10/7/2020,Indonesia,3274.55,809.64
10/7/2020,Brazil,1953.7,503.07
12/7/2020,Germany,1532.27,1004.93
12/7/2020,Brazil,2295.24,949.77
13/07/2020,Indonesia,608.51,487.96
14/07/2020,India,2404.17,395.32
16/07/2020,Mexico,154.36,1140.37
17/07/2020,Nigeria,1620.84,1166.27
17/07/2020,Indonesia,655.59,628.74
17/07/2020,Brazil,368.47,161.96
17/07/2020,Mexico,1197.24,992.72
17/07/2020,Mexico,2726.42,1492.89
18/07/2020,Nigeria,1308.95,60.5
19/07/2020,Nigeria,1376.83,822.3
20/07/2020,Germany,2101.65,315.19
20/07/2020,Brazil,407.5,631.57
21/07/2020,India,999.71,216.79
21/07/2020,Philippines,163.58,1240.11
22/07/2020,Philippines,1449.75,3162.98
22/07/2020,Indonesia,4341.12,480.65
22/07/2020,Nigeria,2228.5,869.66
23/07/2020,Russia,167.2,1035.66
23/07/2020,Indonesia,2547.8,340.37
24/07/2020,China,2283.01,544.1
24/07/2020,India,1345.58,474.97
24/07/2020,China,1180.34,1605.01
24/07/2020,Russia,795.94,438.29
24/07/2020,Mexico,644.98,1208.43
25/07/2020,Indonesia,2087.06,98.24
25/07/2020,Indonesia,397.83,227.98
26/07/2020,Brazil,771.66,621.48
27/07/2020,Nigeria,801.05,406.64
28/07/2020,Brazil,2469.81,1039.32
28/07/2020,Nigeria,4102.26,677.3
29/07/2020,China,4228.52,182.6
29/07/2020,Brazil,2059.79,1387.62
29/07/2020,Germany,5552.48,29.32
29/07/2020,Mexico,5960.63,834.74
29/07/2020,Indonesia,4519.99,296.14
30/07/2020,Brazil,1011.59,683.47
31/07/2020,USA,1818.53,570.97
31/07/2020,India,1585.17,1143.02
31/07/2020,India,2421.56,325.94
2/8/2020,Philippines,4145.24,994.68
4/8/2020,Indonesia,2208.76,1604.73
4/8/2020,Russia,3107.14,1008.14
5/8/2020,Indonesia,3118.69,804.66
5/8/2020,Russia,277.53,1215.92
6/8/2020,Indonesia,6077.82,725.93
6/8/2020,India,659.66,759.03
7/8/2020,Indonesia,1897.13,506.28
7/8/2020,Russia,536.13,492.7
8/8/2020,Mexico,2675.8,215.29
9/8/2020,Germany,1033.09,579.19
9/8/2020,Philippines,700.68,116.32
9/8/2020,China,2269.96,2363.72
9/8/2020,Russia,1414.78,304.67
9/8/2020,Russia,4382.42,1550.72
10/8/2020,Indonesia,2009.8,517.64
11/8/2020,Brazil,963.54,1138.9
11/8/2020,Mexico,4585.91,449.72
11/8/2020,India,2410.66,842.49
12/8/2020,Russia,2706.98,685.82
12/8/2020,India,1951.98,497.73
13/08/2020,Mexico,2605.65,566.03
13/08/2020,Mexico,1391.99,526.29
15/08/2020,Nigeria,1974.72,46.77
15/08/2020,Nigeria,2096.17,882.27
15/08/2020,USA,809.81,766.81
16/08/2020,India,1494.46,1274.11
16/08/2020,Mexico,693.54,378.99
17/08/2020,Nigeria,2911.84,863.12
17/08/2020,Mexico,2991.7,762.02
17/08/2020,Brazil,1848.38,314.06
18/08/2020,USA,4090.21,1604.31
19/08/2020,Philippines,5878.82,307.12
20/08/2020,Indonesia,2029.13,1126.57
20/08/2020,Philippines,1671.44,550.7
20/08/2020,Philippines,1535.56,2045.18
21/08/2020,Philippines,3543.37,1299.08
21/08/2020,Germany,1072.44,1561.85
21/08/2020,Philippines,1077.15,1070.9
22/08/2020,Philippines,2880.07,631.6
22/08/2020,Nigeria,330.91,852.69
22/08/2020,Brazil,1238.13,247.34
22/08/2020,Philippines,3013.18,1525.1
23/08/2020,Germany,583.24,879.04
23/08/2020,Nigeria,467.01,249.62
23/08/2020,Nigeria,1134.05,162.92
23/08/2020,Indonesia,1545.01,667.26
24/08/2020,Mexico,290.25,173.74
24/08/2020,China,2189.37,495.44
24/08/2020,China,2202.61,244.91
25/08/2020,India,2788.95,433.21
25/08/2020,USA,1381.75,633.75
26/08/2020,Nigeria,1671.03,1186.16
26/08/2020,Mexico,3378.83,779.42
28/08/2020,India,2223.28,589.76
28/08/2020,Indonesia,3943.92,455.52
29/08/2020,Brazil,2053.82,112.81
30/08/2020,Russia,633.28,576.85
30/08/2020,Nigeria,1490.55,365.67
30/08/2020,Germany,1808.89,617.83
31/08/2020,Nigeria,1405.3,487.99
1/9/2020,Philippines,5443.43,38.14
2/9/2020,Brazil,2054.86,533.46
2/9/2020,India,571.74,139.3
4/9/2020,China,477.24,213.79
4/9/2020,Nigeria,3042.62,1464.2
4/9/2020,Russia,2082.87,472.4
5/9/2020,Brazil,3540.05,615.47
5/9/2020,Indonesia,2360.38,1293.75
5/9/2020,Indonesia,886.3,356.59
6/9/2020,Philippines,10337.93,119.32
6/9/2020,Nigeria,1380.28,651.3
7/9/2020,Russia,2234.98,819.26
7/9/2020,USA,1033.94,120.49
7/9/2020,Indonesia,97.08,536.75
8/9/2020,Mexico,216.46,1127.23
10/9/2020,Germany,9108.81,99.82
11/9/2020,Russia,309.87,351.72
11/9/2020,Mexico,1466,591.49
11/9/2020,Nigeria,1064.08,749.27
12/9/2020,Philippines,2128.13,232.31
12/9/2020,Philippines,1837.58,1218.41
12/9/2020,USA,3490.07,601.63
13/09/2020,China,2052.46,817.48
13/09/2020,Philippines,1567.7,797.91
14/09/2020,Russia,900.57,757.75
14/09/2020,India,717.67,246.67
15/09/2020,USA,1157.39,454.79
15/09/2020,Germany,1635.63,552.95
15/09/2020,Nigeria,1246.49,581.14
15/09/2020,Philippines,857.14,89.26
15/09/2020,Philippines,1690.03,793.84
16/09/2020,Indonesia,3004.49,1676.18
16/09/2020,Russia,5676.47,456.05
17/09/2020,Philippines,1397.37,234.25
17/09/2020,China,1094.07,199.63
18/09/2020,Philippines,1298.54,408.71
18/09/2020,Germany,242.41,910.35
18/09/2020,Russia,468.05,164.66
19/09/2020,Russia,1406.02,463.9
19/09/2020,Philippines,3522.54,392.02
20/09/2020,Mexico,2206.03,1130.49
21/09/2020,Brazil,4847.39,130.23
21/09/2020,Philippines,828.49,421.04
21/09/2020,USA,981.81,343.33
22/09/2020,Nigeria,876.4,567.26
23/09/2020,China,668.53,969.03
23/09/2020,Nigeria,1075.41,551.04
24/09/2020,Brazil,1621.9,1279.08
24/09/2020,India,2049.87,767.68
25/09/2020,Nigeria,3585.12,1861.57
25/09/2020,Brazil,4112.67,353.22
25/09/2020,China,4778.69,1023.85
26/09/2020,Germany,1098.01,616.29
26/09/2020,Philippines,3509.12,828.93
27/09/2020,Philippines,1595.98,505.05
27/09/2020,Philippines,1995.24,176.91
27/09/2020,China,1164.62,977.52
28/09/2020,Nigeria,592.7,228.13
29/09/2020,Germany,2872.86,819.11
30/09/2020,China,4789.81,62.46
30/09/2020,Mexico,787.44,1879.59
30/09/2020,Brazil,928.02,165.89
1/10/2020,Russia,5375.69,95.06
1/10/2020,Indonesia,577,74.92
1/10/2020,USA,222.77,391.43
2/10/2020,Mexico,1868.33,1582.14
3/10/2020,Brazil,2206.59,1996.27
4/10/2020,Russia,1634.57,1192.5
4/10/2020,Germany,603.84,1283.42
4/10/2020,China,3997.1,351.98
4/10/2020,Brazil,487.77,1820.76
6/10/2020,Brazil,2201.37,1490.13
7/10/2020,Brazil,3417.33,536.24
7/10/2020,Russia,1051.75,16.16
8/10/2020,Germany,4831.82,64.29
8/10/2020,Indonesia,1733.64,250.85
8/10/2020,Philippines,1489.81,924.38
8/10/2020,Germany,578.49,278.48
8/10/2020,Mexico,204.2,941.55
8/10/2020,Germany,556.34,219.69
9/10/2020,Mexico,2730.54,1094.52
10/10/2020,USA,6796.53,1062.23
10/10/2020,Indonesia,2302.44,2.59
10/10/2020,China,2574.56,1418.99
11/10/2020,Mexico,1762.53,903.7
11/10/2020,Philippines,3465.58,524.17
12/10/2020,India,1131.08,416.08
12/10/2020,Mexico,1742.95,1766.62
13/10/2020,Germany,670.49,668.04
13/10/2020,Indonesia,2191.75,2519.73
13/10/2020,Indonesia,866.31,1743.03
14/10/2020,Philippines,654.2,654
14/10/2020,China,2098.33,228.84
15/10/2020,China,859.91,438.27
15/10/2020,India,999,289.52
16/10/2020,Mexico,6658.34,1852.35
17/10/2020,Brazil,2136.38,1449.93
18/10/2020,China,3257.65,761.72
19/10/2020,USA,766.2,1097.99
19/10/2020,Germany,169.53,664.72
20/10/2020,USA,1286.02,1244.31
20/10/2020,India,1790.14,2157.78
20/10/2020,Nigeria,1963.96,642.75
21/10/2020,Mexico,1907.86,2385.17
21/10/2020,Brazil,177.78,235.28
22/10/2020,Brazil,2279.16,480.85
22/10/2020,Russia,1447.37,372.4
22/10/2020,Indonesia,1696.79,1306.92
23/10/2020,Brazil,4332.92,599.57
23/10/2020,China,2588.99,2607.86
25/10/2020,Germany,579.99,709.54
26/10/2020,Nigeria,3334.92,931.1
26/10/2020,Germany,513.08,662.3
26/10/2020,Germany,2213.5,192.58
28/10/2020,Mexico,1241.18,492.63
28/10/2020,Mexico,448.33,426.06
29/10/2020,Brazil,2802.7,1456.86
29/10/2020,Brazil,1306.35,189.53
29/10/2020,Russia,180.82,660.37
29/10/2020,Mexico,945.19,1774.49
30/10/2020,Nigeria,1085.28,1277.09
30/10/2020,Germany,545.93,2253.33
31/10/2020,Russia,2776.4,557.36
1/11/2020,Russia,1949.43,191.91
1/11/2020,India,2187.22,389.99
1/11/2020,India,1881.68,1708.08
1/11/2020,Russia,2864.5,783.08
1/11/2020,India,4674.65,1094.32
2/11/2020,Russia,3438.31,126.45
2/11/2020,Germany,4976.61,284.48
3/11/2020,India,2266.97,435.65
4/11/2020,Russia,1972.77,274.49
4/11/2020,Nigeria,4678.86,632.04
5/11/2020,Russia,4100.39,76.72
6/11/2020,Mexico,3498.53,127.01
6/11/2020,Philippines,2749.73,868.69
7/11/2020,Brazil,333.5,663.46
8/11/2020,Mexico,914.74,806.18
8/11/2020,Brazil,3737.85,150.69
8/11/2020,Russia,1300.03,594.51
9/11/2020,Russia,1726.19,1653.1
9/11/2020,Russia,1419.03,345.66
9/11/2020,Brazil,2229.87,95.94
9/11/2020,India,3441.16,470.01
9/11/2020,Germany,234.24,69.85
9/11/2020,Indonesia,297.51,3219.41
10/11/2020,USA,1083.68,246.4
11/11/2020,Russia,84.63,788.28
11/11/2020,Mexico,244.02,211.71
11/11/2020,Indonesia,1317.67,703.75
12/11/2020,Mexico,677.38,1032.03
12/11/2020,USA,1432.16,1219.12
12/11/2020,China,1742.7,563.64
12/11/2020,Mexico,1145.03,2145.73
13/11/2020,China,3063.2,1147.9
13/11/2020,Mexico,2119.36,443.54
13/11/2020,Brazil,1063.58,532.31
14/11/2020,Germany,1121.43,848.34
14/11/2020,Mexico,1062.44,410.46
14/11/2020,Brazil,76.16,63.87
16/11/2020,Germany,872.01,547.77
17/11/2020,Indonesia,430.57,687.85
18/11/2020,Philippines,1122.94,448
18/11/2020,Mexico,1021.07,911.17
18/11/2020,China,953.12,764.2
18/11/2020,Mexico,851.04,437.77
19/11/2020,Indonesia,1217.08,142.49
19/11/2020,Germany,3656.07,1191.95
19/11/2020,Russia,1246.93,472.55
19/11/2020,Philippines,2354.98,345.93
19/11/2020,Mexico,1132.05,112.32
20/11/2020,Philippines,814.43,1563.59
21/11/2020,Brazil,970.38,1775.26
21/11/2020,Brazil,705.82,1193.03
22/11/2020,China,2587.62,603.42
22/11/2020,Mexico,3721.16,341.76
22/11/2020,India,2467.04,1099.89
23/11/2020,Mexico,181.01,417.52
23/11/2020,USA,853.32,606.32
23/11/2020,Mexico,3486,183.96
23/11/2020,Germany,1767.54,273.51
24/11/2020,Indonesia,2730.7,434.3
25/11/2020,USA,3435.57,633.97
26/11/2020,Brazil,2952.95,599.37
26/11/2020,Nigeria,1040.88,1639.51
27/11/2020,Mexico,3833.8,1398.13
27/11/2020,Mexico,5396.25,2215.85
28/11/2020,Russia,1622.29,320.71
28/11/2020,Brazil,644.51,1433.32
28/11/2020,Brazil,3066.5,340.44
28/11/2020,Russia,4869.32,95.19
29/11/2020,Indonesia,1037.27,1041.02
30/11/2020,Germany,1984.84,446.31
1/12/2020,Germany,1916.64,833.32
2/12/2020,India,1716.13,235.2
2/12/2020,Mexico,3098.26,112.5
3/12/2020,China,3332.56,237.98
3/12/2020,India,2496.38,717.11
4/12/2020,Brazil,1321.09,467.42
4/12/2020,India,843.95,213.59
5/12/2020,Russia,3157.18,315.72
5/12/2020,India,822.48,179.11
6/12/2020,Nigeria,2517.16,1453.52
6/12/2020,Germany,3825.25,568.16
7/12/2020,India,804.96,79.84
9/12/2020,India,3975.33,1215.58
10/12/2020,China,2319.7,1148.54
11/12/2020,Germany,1551.06,189.59
13/12/2020,Brazil,1117.46,2057.74
14/12/2020,China,1779.26,863.14
15/12/2020,Russia,1739.83,567.23
16/12/2020,Indonesia,2893.45,1873.29
16/12/2020,Russia,2071.13,585.23
17/12/2020,Russia,678.74,409.08
19/12/2020,Mexico,257.83,1198.23
19/12/2020,Germany,1771.83,761.98
20/12/2020,China,3221.16,983.15
21/12/2020,Nigeria,1775.38,1221.27
21/12/2020,Mexico,3194.41,875.74
22/12/2020,Philippines,1032.68,461.22
22/12/2020,China,2187.78,165.61
22/12/2020,Mexico,998.84,1048.78
23/12/2020,Indonesia,4281.62,125.89
24/12/2020,Mexico,2830.67,1048.5
24/12/2020,Philippines,825.82,120.73
24/12/2020,Russia,942.6,192.25
24/12/2020,Indonesia,9630.24,455.39
24/12/2020,India,2282.23,1365.57
25/12/2020,Indonesia,902.88,359.56
25/12/2020,Russia,3420.23,159.63
25/12/2020,Nigeria,433.85,35.16
26/12/2020,India,652.36,225.46
26/12/2020,Mexico,996.88,635.89
26/12/2020,China,998.51,1256.14
28/12/2020,Philippines,1987.69,1269.49
28/12/2020,Mexico,2573.06,2271.4
31/12/2020,Brazil,1015.71,785.81
31/12/2020,China,1925.75,1222.67
31/12/2020,Germany,626.05,558.29
2/1/2021,Russia,2210.71,1287.38
2/1/2021,Germany,4011.99,1661.68
3/1/2021,USA,4259.87,238.48
3/1/2021,USA,683.75,407.12
4/1/2021,China,1579.62,898.35
4/1/2021,USA,1406,109.19
4/1/2021,Nigeria,1269.02,519.04
5/1/2021,India,1536.67,1388.66
6/1/2021,Indonesia,1533.6,216.52
6/1/2021,India,1513.22,318.43
7/1/2021,Russia,1680.07,1502.99
7/1/2021,USA,1391.04,1118.43
7/1/2021,Russia,1813.48,846.58
8/1/2021,Russia,3829.46,374.36
10/1/2021,Nigeria,3171.08,318.38
11/1/2021,Brazil,2288.31,412.02
12/1/2021,Brazil,2627.72,606.88
13/01/2021,USA,1512.45,182.81
14/01/2021,Indonesia,3027.79,1619.72
15/01/2021,Russia,695.51,89.05
16/01/2021,China,2334.29,275.51
16/01/2021,Philippines,3306.99,279
16/01/2021,India,3520.93,1311.98
17/01/2021,Mexico,1046.88,716.35
18/01/2021,India,821.98,1335.51
19/01/2021,India,1299.87,869.46
20/01/2021,Nigeria,2754.49,154.91
21/01/2021,USA,1536.89,233.17
21/01/2021,USA,589.6,792.8
23/01/2021,Brazil,1280.21,1145.42
23/01/2021,Russia,657.47,93.21
23/01/2021,Nigeria,3016.48,1687.66
24/01/2021,China,838.32,168.34
24/01/2021,India,3083.62,245.35
24/01/2021,Mexico,409.1,540.03
24/01/2021,Russia,2983.72,1083.19
25/01/2021,Nigeria,586.38,107
25/01/2021,Philippines,4179.9,1026.94
26/01/2021,Nigeria,2864.2,767.59
26/01/2021,India,613.46,325.63
27/01/2021,China,4931.35,973.03
27/01/2021,Mexico,1701.62,359.44
27/01/2021,Russia,966.25,206.33
28/01/2021,Philippines,1467,2053.8
28/01/2021,Nigeria,1247.31,284.2
28/01/2021,Brazil,7042.34,2378.37
29/01/2021,Germany,1817.22,640.54
29/01/2021,China,1954.75,231.29
30/01/2021,Russia,1083.76,379.63
30/01/2021,Mexico,3284.42,640.89
1/2/2021,Nigeria,3717.56,489.23
1/2/2021,Nigeria,2060.48,175.33
1/2/2021,USA,3473.9,697.47
2/2/2021,Philippines,1255.22,571.61
2/2/2021,Mexico,551.27,479.71
6/2/2021,Indonesia,4100.69,653.46
7/2/2021,China,4311.72,904.16
8/2/2021,Indonesia,1916.68,783.05
9/2/2021,USA,3224.83,998.12
10/2/2021,Germany,2327.21,136.31
11/2/2021,Philippines,472.79,1017.03
11/2/2021,Nigeria,2477.44,182.09
11/2/2021,Brazil,2874.62,56.65
11/2/2021,USA,2027.2,881.81
11/2/2021,Indonesia,744.15,438.74
12/2/2021,Germany,994.13,375.2
12/2/2021,China,2225.38,856.3
12/2/2021,India,1205.68,696.22
12/2/2021,Nigeria,607,3.7
12/2/2021,Mexico,139.65,709.22
13/02/2021,India,4908.85,63.65
15/02/2021,Indonesia,6278.2,674.43
15/02/2021,Philippines,1024.38,392.05
15/02/2021,Philippines,4849.5,390.18
16/02/2021,India,416.67,2050.63
17/02/2021,Brazil,1302.44,84.34
18/02/2021,Brazil,904.74,816.51
20/02/2021,Russia,3284.43,1292.33
20/02/2021,Nigeria,1428.75,292.06
20/02/2021,Brazil,368.27,1407.21
21/02/2021,Germany,3371.26,992
21/02/2021,Russia,830.66,196.33
22/02/2021,Mexico,313.09,272.29
22/02/2021,Germany,2539.23,953.21
24/02/2021,Nigeria,528.14,1462.04
24/02/2021,Brazil,2238.6,676.92
26/02/2021,Brazil,548.07,428.88
27/02/2021,Germany,1484,282.69
28/02/2021,Philippines,674.26,1582.63
28/02/2021,Mexico,1385.54,90.76
28/02/2021,India,1603.1,455.38
1/3/2021,China,1723.59,2444.24
5/3/2021,Mexico,739.18,416.55
6/3/2021,Indonesia,3099.19,143.67
6/3/2021,Indonesia,1935,1020.08
7/3/2021,Russia,3379.63,2284.77
7/3/2021,China,1411.76,311.87
8/3/2021,China,631.19,245.85
8/3/2021,India,880.15,507.42
8/3/2021,China,3033.14,526.47
9/3/2021,Brazil,1973.03,164.64
9/3/2021,Brazil,2448.29,1038.91
10/3/2021,India,5475.57,465.99
10/3/2021,USA,430.96,191.51
11/3/2021,Indonesia,2355.31,254.54
11/3/2021,Germany,3059.39,495.29
12/3/2021,Indonesia,3189.95,2318.12
13/03/2021,USA,310.28,475.15
13/03/2021,Russia,1826.48,1740.55
14/03/2021,Mexico,444.44,603.84
14/03/2021,India,521.37,1248.96
14/03/2021,USA,2418.06,525.15
14/03/2021,Indonesia,8354.08,2441.31
15/03/2021,Philippines,365.42,333.59
16/03/2021,Brazil,1438.29,130.02
16/03/2021,Brazil,4608.08,1714.35
16/03/2021,USA,5484.42,280.33
16/03/2021,Germany,2736.1,1091.11
17/03/2021,India,1206.26,675.17
17/03/2021,Mexico,3785.88,553.11
18/03/2021,China,2160.04,579.54
19/03/2021,Brazil,3381.29,2134.84
20/03/2021,Russia,2657.21,154.7
20/03/2021,Mexico,1356.07,1162.57
21/03/2021,Germany,674.59,411.38
22/03/2021,Philippines,3401.91,163.35
22/03/2021,Germany,1511.31,186.34
23/03/2021,India,1005.28,105.66
23/03/2021,Germany,1177.14,1100.1
24/03/2021,Germany,3545.72,641.06
24/03/2021,Russia,1339.99,1103.83
24/03/2021,Russia,6378.47,358.48
25/03/2021,India,3245.4,1016.94
25/03/2021,USA,1379.25,1044.08
25/03/2021,Philippines,1895.01,353.16
27/03/2021,China,1139.91,496.33
27/03/2021,Russia,2607.01,295.55
27/03/2021,Philippines,2496.37,947.2
27/03/2021,Mexico,203.65,430.88
28/03/2021,Philippines,7062.57,141.64
28/03/2021,Germany,2019.74,455.16
29/03/2021,India,1621.08,59.54
29/03/2021,USA,512.7,807.24
29/03/2021,Mexico,2496.05,42.21
29/03/2021,India,936.54,64.67
30/03/2021,India,718.01,1501.01
31/03/2021,Nigeria,5226.36,645.43
1/4/2021,Germany,833.9,524.07
1/4/2021,USA,1684.09,1306.87
2/4/2021,Philippines,2866.71,643.08
4/4/2021,Russia,451.55,93.35
4/4/2021,Nigeria,3072.75,2156.19
4/4/2021,India,2309.33,680.38
4/4/2021,Indonesia,614.69,1771.04
5/4/2021,Indonesia,3700.08,980.46
5/4/2021,Nigeria,3685.36,186.85
5/4/2021,Mexico,1506.17,111.17
5/4/2021,China,816.96,562.04
5/4/2021,Russia,1304.68,845.42
6/4/2021,Indonesia,254.14,1012.63
6/4/2021,Russia,747.21,943.53
7/4/2021,Germany,3661.63,455.23
7/4/2021,Germany,1053.1,567.89
7/4/2021,Germany,2095.77,136.51
8/4/2021,Russia,2121,126.03
8/4/2021,Indonesia,1725.73,1278.51
10/4/2021,Nigeria,1251.04,908.84
10/4/2021,USA,471.61,1033.85
11/4/2021,China,1632.67,1634.68
11/4/2021,India,1448.51,212.57
11/4/2021,USA,1259.59,2466.94
12/4/2021,Indonesia,4770.34,637.15
13/04/2021,Brazil,1820.51,243.88
13/04/2021,Mexico,1531.94,1586.57
14/04/2021,Russia,1569.1,497.04
15/04/2021,Russia,1649.55,1065.66
16/04/2021,Mexico,1728.06,327.68
16/04/2021,Philippines,1948.82,405.83
16/04/2021,Indonesia,4013.62,1356.62
17/04/2021,Mexico,1568.19,549.58
18/04/2021,Indonesia,4120.88,213.07
19/04/2021,Russia,2413.47,385.06
20/04/2021,Mexico,5224.52,1248.42
20/04/2021,Nigeria,811.47,1237.97
21/04/2021,USA,1317.74,2073.11
21/04/2021,Germany,1430.46,549.67
21/04/2021,Mexico,2615.29,649.68
22/04/2021,Brazil,352.79,1670.96
23/04/2021,Indonesia,1767.86,200.03
23/04/2021,China,990.86,27.6
23/04/2021,Russia,2355.95,12.58
24/04/2021,Nigeria,1985.62,1775.05
24/04/2021,Indonesia,1411.53,1054.34
24/04/2021,China,3820.63,186.54
25/04/2021,Brazil,3155.53,2217.4
25/04/2021,Germany,2718.99,1092.39
25/04/2021,Germany,1602.69,1736.07
26/04/2021,Philippines,263.52,1883.09
26/04/2021,India,2389.27,285.86
27/04/2021,India,823.61,731.8
27/04/2021,Nigeria,4154.8,754.16
28/04/2021,India,2686.95,382.62
28/04/2021,USA,631.21,410.08
28/04/2021,Philippines,45.78,808.29
28/04/2021,Mexico,2803.05,247.1
29/04/2021,Russia,949.23,910.77
29/04/2021,Russia,858.96,415.38
29/04/2021,Indonesia,3906.94,192.14
30/04/2021,Russia,459.28,366.59
30/04/2021,Germany,1953.18,269.86
1/5/2021,India,7466.22,369.72
1/5/2021,China,1718.11,1362.03
2/5/2021,China,271.13,107.03
2/5/2021,Indonesia,1252.91,508.56
3/5/2021,Philippines,381.83,238.02
3/5/2021,Mexico,1470.27,323.51
3/5/2021,Germany,1533.12,176.24
4/5/2021,Russia,2850.97,291.34
4/5/2021,Germany,1693.78,1052.39
4/5/2021,Brazil,3235.36,1160.69
5/5/2021,Philippines,3269.09,286.26
5/5/2021,Indonesia,921.05,1322
5/5/2021,Philippines,338.73,94.64
6/5/2021,Brazil,1561.66,238.82
7/5/2021,Germany,1340.58,210.79
7/5/2021,Mexico,5937.3,267.87
7/5/2021,USA,2787.21,1122.49
8/5/2021,Nigeria,2258.62,2608.63
8/5/2021,Mexico,2010.99,1352.56
8/5/2021,India,439.94,659.75
8/5/2021,China,1049.75,486.58
8/5/2021,Germany,1045.92,1549.94
9/5/2021,China,1540.68,113.24
10/5/2021,Russia,1893.18,362.77
10/5/2021,Philippines,3308.35,609.11
11/5/2021,Brazil,361.98,657.01
11/5/2021,Nigeria,4271.8,630.92
12/5/2021,Indonesia,1587.05,465.44
12/5/2021,Indonesia,1238.52,613.55
12/5/2021,India,2456.09,357.23
13/05/2021,Nigeria,669.14,277.34
13/05/2021,Brazil,2562.69,1578.78
13/05/2021,Nigeria,3105.68,726.49
14/05/2021,India,1619.07,673.34
14/05/2021,Russia,817.81,446.21
14/05/2021,Germany,1052.17,410.39
15/05/2021,Mexico,1375.26,501.83
15/05/2021,India,284,40.42
16/05/2021,Philippines,4649.71,54.06
16/05/2021,Mexico,933.88,833.57
16/05/2021,Russia,3659.34,574.62
16/05/2021,Germany,1874.18,628.39
16/05/2021,Germany,385.22,200.19
17/05/2021,Russia,4555.43,774.43
19/05/2021,Nigeria,1811.92,738
19/05/2021,Russia,3710.67,335.27
20/05/2021,China,583.72,1251.28
21/05/2021,Mexico,3282.56,260.86
21/05/2021,Indonesia,1056.25,576.72
21/05/2021,Nigeria,1270.25,344
21/05/2021,Russia,2964.05,345.99
22/05/2021,Brazil,5325.39,328.17
22/05/2021,Nigeria,1075.77,766.98
22/05/2021,Philippines,1904.63,239.52
23/05/2021,Mexico,1070.84,977.03
23/05/2021,India,642.89,15.44
23/05/2021,Philippines,706.07,7.58
23/05/2021,Germany,1314.69,796.73
24/05/2021,Indonesia,624.01,519.33
25/05/2021,China,1593.38,127.3
26/05/2021,Russia,959.9,988.69
26/05/2021,Brazil,3455.31,1234.49
26/05/2021,Indonesia,1186.16,1246
27/05/2021,China,4699.61,250.4
27/05/2021,Germany,3443.69,1914.52
27/05/2021,USA,6760.28,1630.42
28/05/2021,Indonesia,580.33,399.42
28/05/2021,USA,2135.9,2049.93
28/05/2021,USA,350.01,667.8
29/05/2021,Brazil,6181.73,980.81
29/05/2021,Philippines,430.39,1500.32
29/05/2021,USA,3086.48,3613.59
31/05/2021,India,1268.27,230.08
31/05/2021,Mexico,3224.8,406.63
31/05/2021,Indonesia,1483.97,456.69
1/6/2021,Indonesia,2694.47,443.39
2/6/2021,Germany,4842.68,254.78
3/6/2021,Brazil,1188.93,552.8
4/6/2021,Mexico,1044.81,406.58
5/6/2021,India,665.34,764.98
5/6/2021,China,3389.41,105.09
6/6/2021,Mexico,2300.88,417.59
6/6/2021,Indonesia,2372.64,835.66
6/6/2021,USA,1787.06,451.21
7/6/2021,India,3466.09,1229.22
8/6/2021,Russia,6291.1,2059.25
8/6/2021,Russia,514.81,1106.51
8/6/2021,Mexico,3002.29,282.56
9/6/2021,Philippines,2053.55,348.94
10/6/2021,Germany,3471.08,344.07
10/6/2021,Indonesia,494.08,584.17
13/06/2021,Brazil,1855.25,1662.1
14/06/2021,USA,3339.79,395.63
16/06/2021,Mexico,997.13,1036.56
17/06/2021,India,975.86,500.28
18/06/2021,USA,671.75,922.02
18/06/2021,India,1208.69,1400.42
18/06/2021,China,674.33,255.1
19/06/2021,Philippines,2510.67,143.45
20/06/2021,Indonesia,2757.51,800.45
20/06/2021,Nigeria,2126.8,483.31
20/06/2021,Brazil,686.23,107.84
22/06/2021,Russia,2423.91,1316.73
23/06/2021,Indonesia,2056.38,955.49
24/06/2021,Philippines,2428.26,124.37
25/06/2021,USA,1398.85,734.54
25/06/2021,Indonesia,2096.45,1385.48
25/06/2021,Brazil,477.36,295.72
25/06/2021,India,1894.02,712.82
25/06/2021,Brazil,1274.49,1209.43
25/06/2021,USA,1024.41,914.59
25/06/2021,Germany,2554.62,616.78
26/06/2021,Philippines,1873.11,57.57
26/06/2021,Philippines,2118.97,1405.01
26/06/2021,Mexico,1294.3,484.02
26/06/2021,India,1170.58,1319.89
27/06/2021,Philippines,2528.18,728.69
27/06/2021,USA,1597.55,523.67
27/06/2021,China,2782.73,257.53
27/06/2021,Mexico,2646.58,2549.84
27/06/2021,Russia,2611.64,362.95
27/06/2021,Philippines,1403.12,294.31
28/06/2021,Brazil,660.85,723.91
30/06/2021,Brazil,846.2,291.78
30/06/2021,India,418.21,825.79
30/06/2021,Indonesia,971.8,2954.91
30/06/2021,Russia,2628.93,17.07
30/06/2021,Philippines,3339.08,507.5
30/06/2021,Mexico,549.15,272.36
1/7/2021,USA,1720.05,263.05
1/7/2021,India,1033.46,2601.57
1/7/2021,Germany,5937.28,676.47
2/7/2021,China,2611.91,2087.37
3/7/2021,India,1050.92,2345.07
5/7/2021,USA,842.48,525.99
6/7/2021,Philippines,5422.08,475.28
7/7/2021,India,763.41,1418.11
8/7/2021,Brazil,1317.61,96.67
9/7/2021,Brazil,1456.39,612.24
10/7/2021,Brazil,350.19,131.29
10/7/2021,India,2376.42,2141.1
11/7/2021,Russia,850.27,333.02
11/7/2021,Philippines,4195.79,1342.68
11/7/2021,Philippines,1018.34,1387.57
12/7/2021,China,426.71,1498.16
12/7/2021,USA,862.71,271.65
12/7/2021,Brazil,2806.35,2459.3
12/7/2021,Brazil,504.85,194.2
13/07/2021,Philippines,2594.71,85.38
13/07/2021,Mexico,3141.81,530.92
13/07/2021,Indonesia,546.58,431.86
13/07/2021,Russia,761.25,909.14
14/07/2021,Indonesia,778.26,707.87
15/07/2021,Philippines,2476.82,268.74
16/07/2021,Indonesia,2056.68,935.78
16/07/2021,Mexico,2151.06,514.92
16/07/2021,Brazil,980.52,1448.48
16/07/2021,Philippines,3949.81,185.98
16/07/2021,Nigeria,4334.9,450.07
17/07/2021,Russia,1382.3,258.1
17/07/2021,Philippines,490.89,655.49
17/07/2021,India,1102.91,9
18/07/2021,Russia,818.23,410.58
19/07/2021,Brazil,1631.4,1594.65
19/07/2021,Germany,554.44,1019.29
19/07/2021,China,3468.06,355.07
20/07/2021,USA,1028.5,304.38
20/07/2021,Philippines,1197.98,236.97
21/07/2021,India,439.4,395.53
21/07/2021,Nigeria,2847.02,454.04
23/07/2021,Mexico,1217.32,1400.9
23/07/2021,Germany,1298.5,1327.31
23/07/2021,Indonesia,2838.07,1110.06
23/07/2021,China,1406.02,206.27
23/07/2021,Nigeria,1135.23,1115.8
24/07/2021,Russia,1342.5,87.25
24/07/2021,Germany,434.64,1037.67
24/07/2021,Germany,1070.97,183.15
24/07/2021,USA,2637.8,785.32
24/07/2021,Brazil,3183.5,80.7
25/07/2021,Germany,5368.21,465.27
25/07/2021,Nigeria,3369.1,1896.82
25/07/2021,USA,2784.83,345
26/07/2021,China,339.26,600.89
26/07/2021,USA,983.59,93.25
26/07/2021,Mexico,4905.41,1535.95
30/07/2021,Mexico,208.25,1995.71
31/07/2021,Germany,1932.5,168.79
31/07/2021,India,634.34,690.01
2/8/2021,China,636.95,990.09
2/8/2021,USA,4734.68,369.82
2/8/2021,Nigeria,1388.62,79.48
2/8/2021,USA,3540.85,939.59
3/8/2021,USA,2730.46,490.95
4/8/2021,Mexico,3416.87,543.8
4/8/2021,Mexico,1052.57,750.15
4/8/2021,Mexico,5430.71,160.66
5/8/2021,USA,462.95,973.84
5/8/2021,Nigeria,1653.99,1905.63
6/8/2021,Nigeria,1242.74,664.27
6/8/2021,Mexico,2637.91,757.75
6/8/2021,China,1710.98,1207.7
7/8/2021,Philippines,2193.2,428
7/8/2021,Russia,1240.46,507.5
7/8/2021,India,2365.27,1186.77
8/8/2021,Russia,609.35,335.7
8/8/2021,Germany,394.64,221.69
8/8/2021,Philippines,3897.28,241.88
9/8/2021,India,408.28,676.04
10/8/2021,Indonesia,4011.52,1268.74
10/8/2021,Mexico,1666.26,347.7
10/8/2021,Nigeria,3380.25,379.11
10/8/2021,Germany,593.34,202.56
11/8/2021,India,754.78,444.06
11/8/2021,Germany,1072.31,1056.24
12/8/2021,Nigeria,483.67,708.68
12/8/2021,Germany,2735.51,352.89
12/8/2021,Philippines,5373.57,479.9
12/8/2021,Germany,1796.16,1157.52
12/8/2021,USA,3380.16,391.13
13/08/2021,Indonesia,1117.59,275.96
13/08/2021,Germany,1478.9,879.54
13/08/2021,Nigeria,2276.27,665.21
14/08/2021,Mexico,2947.84,219.65
14/08/2021,Nigeria,339.24,195.93
14/08/2021,Mexico,1112.24,448.35
15/08/2021,Germany,1745.64,494.98
15/08/2021,Brazil,492.6,930.74
15/08/2021,Brazil,273.8,180.71
15/08/2021,Nigeria,4144,374.42
15/08/2021,China,1339.14,210.35
16/08/2021,USA,1724.59,1825.45
17/08/2021,Russia,4103.07,512.06
17/08/2021,Brazil,2542.23,262.1
17/08/2021,USA,684.28,1081.64
19/08/2021,India,376.74,300.87
19/08/2021,China,1018.9,634.66
20/08/2021,Indonesia,3826.03,738.02
21/08/2021,Indonesia,4503.16,256.89
23/08/2021,Indonesia,1278.43,1621.25
23/08/2021,Nigeria,1711.15,792.25
23/08/2021,Philippines,1480.49,1005.49
24/08/2021,Philippines,2337.25,2095.28
24/08/2021,Russia,2337.87,1091.7
25/08/2021,Russia,2344.26,664.01
26/08/2021,Russia,805.94,1847.55
27/08/2021,Nigeria,3565.44,478.25
27/08/2021,Indonesia,845.78,347.14
27/08/2021,Nigeria,2090.47,216.02
27/08/2021,Germany,2471.21,44.36
27/08/2021,Nigeria,2799.71,937.75
28/08/2021,Mexico,1662.02,143.98
28/08/2021,Philippines,1473.4,41.81
28/08/2021,Nigeria,3791.74,449.55
28/08/2021,Philippines,855.01,554.87
29/08/2021,Russia,1930.42,396.87
30/08/2021,Russia,177.22,2763.76
31/08/2021,India,45.92,300.36
1/9/2021,Russia,627.29,847.98
1/9/2021,Nigeria,1953.6,2450.1
3/9/2021,USA,809.17,699.54
3/9/2021,Indonesia,1987.07,1783.01
3/9/2021,Brazil,7124.46,516.46
3/9/2021,Nigeria,1700.73,45.91
3/9/2021,Germany,855.67,265.94
3/9/2021,Nigeria,3234.45,202.73
4/9/2021,Philippines,145.89,1277.86
4/9/2021,USA,2176.22,1066.61
5/9/2021,Brazil,1057.52,550.96
5/9/2021,China,263.57,1871.76
5/9/2021,China,1309.49,379.82
6/9/2021,Philippines,1744.29,97.56
6/9/2021,Nigeria,3627.16,94.53
6/9/2021,USA,614.23,634.18
7/9/2021,Indonesia,1154.46,368
7/9/2021,Germany,855.7,2108
7/9/2021,China,4924.39,378.6
8/9/2021,Brazil,3168.02,30.58
8/9/2021,USA,2056.41,757.06
9/9/2021,China,198.84,231.35
9/9/2021,China,1148.93,1340.53
9/9/2021,China,910.5,3181.67
10/9/2021,Indonesia,3771.95,251.36
10/9/2021,Nigeria,6078.02,306.08
10/9/2021,Philippines,1192.13,1149.44
10/9/2021,Nigeria,2507.39,78.06
10/9/2021,USA,1083.62,824.24
11/9/2021,Nigeria,517.07,853.58
11/9/2021,China,4010.87,602.04
12/9/2021,Germany,4458.49,265.08
12/9/2021,USA,2741.18,807.78
14/09/2021,China,2628.5,1627.11
14/09/2021,China,1641.72,1890.83
14/09/2021,Mexico,1299.79,467.23
14/09/2021,Philippines,1726.09,123.92
15/09/2021,Brazil,1193.38,2208.92
17/09/2021,Nigeria,2136.81,374.58
17/09/2021,USA,4143.39,784.44
19/09/2021,India,1747.57,648.9
19/09/2021,India,353.53,1492.19
19/09/2021,China,1008.67,840.82
20/09/2021,Mexico,2804.36,1428.66
21/09/2021,Philippines,755.95,138.78
21/09/2021,USA,4188.11,835.3
22/09/2021,China,3730.2,635.23
23/09/2021,China,757.97,391.52
23/09/2021,Indonesia,1438.07,78.61
23/09/2021,Russia,129.96,2163.46
23/09/2021,Nigeria,2365.51,261.11
24/09/2021,Russia,1636.45,596.1
24/09/2021,India,2471.36,1036.87
24/09/2021,USA,1279.13,647.93
25/09/2021,Indonesia,1148.28,168.49
25/09/2021,Philippines,1734.25,650.1
25/09/2021,Mexico,2366.03,506.83
26/09/2021,Russia,1691.08,1282.13
27/09/2021,Germany,1633.89,346.45
27/09/2021,Russia,2278.46,225.24
27/09/2021,India,719.77,1184.63
27/09/2021,Philippines,495.37,329.12
27/09/2021,China,895.83,860.2
28/09/2021,Nigeria,3573.23,983.77
28/09/2021,China,6673.47,782.17
29/09/2021,Philippines,462.32,1022.5
30/09/2021,Nigeria,6393.35,167.36
30/09/2021,Indonesia,3713.86,271.57
30/09/2021,Philippines,374.05,204.8
1/10/2021,Indonesia,3961.82,378.92
2/10/2021,Philippines,1967.91,1130.77
2/10/2021,Germany,1386.42,940.09
2/10/2021,USA,1728.74,560.52
2/10/2021,Russia,1510.23,456.22
3/10/2021,Russia,756.41,720.36
4/10/2021,Indonesia,393.82,787.7
4/10/2021,Mexico,1930,292.97
4/10/2021,Philippines,937.07,917.36
4/10/2021,China,1365.87,663.13
4/10/2021,Philippines,2000.61,468.51
5/10/2021,Philippines,1353.5,1149.7
5/10/2021,Germany,1945.23,124.42
6/10/2021,Russia,2768.81,1186.14
6/10/2021,India,3046.32,425.69
8/10/2021,India,1683.51,426.85
8/10/2021,Brazil,414.05,436.83
8/10/2021,Brazil,1478.87,127.79
9/10/2021,China,1174.08,1366.2
9/10/2021,Indonesia,1487.16,602.33
9/10/2021,Russia,741.55,2502.89
10/10/2021,Indonesia,4020.59,83.36
11/10/2021,China,3722.16,582.41
11/10/2021,China,1091.92,864.83
11/10/2021,Brazil,1710.96,339.66
13/10/2021,China,2396.16,332.91
14/10/2021,Nigeria,1675.95,208.98
14/10/2021,Russia,1385.8,420.87
14/10/2021,USA,1818.35,369.16
15/10/2021,Russia,2772.2,1402.15
15/10/2021,Indonesia,1056.45,552.07
15/10/2021,India,378.5,2714.18
16/10/2021,Nigeria,1393.16,1158.9
16/10/2021,Philippines,2559.7,372.43
18/10/2021,India,3494.75,10.93
19/10/2021,Philippines,3884.27,756.92
19/10/2021,Mexico,2692.62,421.2
19/10/2021,Nigeria,1041.47,845.41
20/10/2021,Mexico,1372.59,877.18
21/10/2021,Russia,2436.86,1368.61
21/10/2021,Philippines,809.57,1375.82
21/10/2021,Germany,1588.19,522.7
22/10/2021,Mexico,7631.05,1464.88
22/10/2021,USA,1233.17,825.11
22/10/2021,Indonesia,1118.87,598.66
23/10/2021,USA,3083.16,998.06
24/10/2021,Germany,2420.68,1259.83
24/10/2021,Brazil,1380.51,183.72
25/10/2021,Russia,817.79,72.49
25/10/2021,Germany,2398.86,253.07
26/10/2021,Mexico,1369.52,1343.24
26/10/2021,Russia,1113.47,216.55
26/10/2021,Indonesia,3746.01,820.51
27/10/2021,Indonesia,5389.03,826.28
27/10/2021,Brazil,2086.4,934.51
27/10/2021,Brazil,2882.66,933.83
27/10/2021,Nigeria,4378.4,74.88
30/10/2021,India,2278.48,1303.49
31/10/2021,Philippines,196.01,313
31/10/2021,China,924.68,581.57
1/11/2021,Germany,1740.88,168.37
1/11/2021,India,3204.13,427.68
2/11/2021,Indonesia,3155.8,204.47
2/11/2021,Indonesia,2520.21,366.24
2/11/2021,Indonesia,2219.92,500.62
2/11/2021,Germany,2540.54,471.57
2/11/2021,India,3864.36,2252.52
2/11/2021,India,597.44,435.57
3/11/2021,Mexico,7520.29,3741.06
3/11/2021,Russia,1367.67,933.21
3/11/2021,Germany,2706.17,614.48
3/11/2021,China,1903.36,899.73
6/11/2021,Germany,1971.8,1120.95
6/11/2021,India,1608.6,2018.75
6/11/2021,Philippines,1542.29,657.33
6/11/2021,China,3094.21,1206.25
7/11/2021,Nigeria,2646.39,93.72
7/11/2021,USA,1933.47,424.29
7/11/2021,Philippines,1587.09,736.41
7/11/2021,USA,3636.36,369.69
8/11/2021,Nigeria,804.12,1061.09
8/11/2021,Germany,964.09,297.35
8/11/2021,Mexico,3954.64,690.16
9/11/2021,India,1460.09,454.37
9/11/2021,Germany,1037.18,1042.92
10/11/2021,Germany,421.4,440.32
10/11/2021,Indonesia,1425.89,1201.95
11/11/2021,Russia,1890.92,547.14
11/11/2021,Nigeria,1888.55,248.48
11/11/2021,China,2947.83,814.07
13/11/2021,Philippines,265.67,372.1
13/11/2021,Brazil,3120.26,1272.2
13/11/2021,Mexico,2014.46,1597.73
13/11/2021,Mexico,770.35,626.46
14/11/2021,Philippines,913.71,471.57
14/11/2021,Philippines,2487.8,455.64
16/11/2021,Russia,1197.21,892.89
17/11/2021,Nigeria,4391.95,955.18
17/11/2021,China,3729.37,267.34
17/11/2021,Nigeria,635.71,694.18
18/11/2021,Brazil,692.83,1868.4
19/11/2021,Philippines,1856.4,1140.68
19/11/2021,Brazil,1562.19,304.66
19/11/2021,Brazil,5016.71,496.12
20/11/2021,Germany,2951.09,1943.69
20/11/2021,Russia,75.35,147.95
21/11/2021,Russia,1140.79,1154.93
22/11/2021,Brazil,541.96,1871.9
22/11/2021,Philippines,1539.3,1225.95
23/11/2021,Indonesia,4096.69,18.02
23/11/2021,Russia,1852.72,447.25
24/11/2021,China,1665.75,930.93
24/11/2021,India,2782.53,573.8
24/11/2021,China,1201.87,496.34
25/11/2021,Germany,422.28,275.61
25/11/2021,India,375.34,2135.65
25/11/2021,Mexico,2762.57,405.73
25/11/2021,China,1578.5,440.09
26/11/2021,Philippines,1938.16,303.75
26/11/2021,Germany,714.76,1391.35
27/11/2021,Mexico,801.05,388.32
27/11/2021,China,415.28,453.08
27/11/2021,China,1277.4,824.65
27/11/2021,Philippines,1606.26,528.99
28/11/2021,Germany,1134.51,755.27
28/11/2021,China,1909.42,410.16
29/11/2021,Nigeria,1694.28,1198.43
29/11/2021,Brazil,4031.03,1440.29
30/11/2021,Philippines,5621.12,1636.94
2/12/2021,Philippines,3908.48,248.3
3/12/2021,Indonesia,2019.53,655.92
4/12/2021,USA,1461.85,1451.77
5/12/2021,India,1781.59,510.08
5/12/2021,Mexico,5983.86,940.1
6/12/2021,Nigeria,1104.96,128.56
6/12/2021,Philippines,1652.68,432.66
6/12/2021,USA,1892.49,462.42
7/12/2021,Russia,4572.9,1820.55
7/12/2021,USA,376.38,2202.09
7/12/2021,Nigeria,1955.75,482.67
7/12/2021,USA,2693.35,624.32
8/12/2021,Germany,1919.37,581.28
8/12/2021,Philippines,2741.43,197.35
8/12/2021,Indonesia,2552.75,1920.16
9/12/2021,USA,1659.5,263.88
9/12/2021,China,704.92,725.56
10/12/2021,USA,1691.81,203.6
12/12/2021,Mexico,2058.74,2131.93
12/12/2021,Indonesia,383.24,471.61
13/12/2021,India,2202.44,605.05
13/12/2021,India,1095.09,1798.91
15/12/2021,Germany,1077.08,1068.69
15/12/2021,Nigeria,2392.19,1189.09
16/12/2021,Mexico,688.97,84.23
16/12/2021,China,975.98,468.46
17/12/2021,India,2063.63,1041.68
17/12/2021,Russia,390.72,35.61
17/12/2021,Indonesia,3098.03,385.01
18/12/2021,Indonesia,1002.21,664.08
19/12/2021,India,2802.43,452.56
20/12/2021,Russia,2551.4,34.17
20/12/2021,Mexico,795.02,1140.93
20/12/2021,Mexico,3564.23,137.36
21/12/2021,Nigeria,857.16,153.69
21/12/2021,India,833.17,661.13
21/12/2021,Brazil,1427.74,2018.06
21/12/2021,Nigeria,3918.51,693.36
22/12/2021,Mexico,1055.84,761.3
22/12/2021,Philippines,1219.69,323.99
23/12/2021,Mexico,1803.8,383.55
23/12/2021,China,998.31,260.7
23/12/2021,Brazil,2399.32,398.45
25/12/2021,Brazil,1155.15,1047.98
25/12/2021,China,1185.03,188.38
26/12/2021,Russia,916.7,1481.84
26/12/2021,Germany,2306.49,437.5
26/12/2021,USA,410.52,673.78
27/12/2021,Russia,4558.29,1953.88
28/12/2021,India,1756.76,193.26
1/1/2022,India,1280.66,619.43
1/1/2022,Indonesia,3218.57,565.07
2/1/2022,Brazil,2035.75,489.72
3/1/2022,Nigeria,3412.69,760.91
4/1/2022,Russia,620.2,1509.44
4/1/2022,China,2079.61,475.25
5/1/2022,Russia,4612.54,469.08
5/1/2022,USA,1066.23,104.14
6/1/2022,Philippines,1177.27,1575.81
8/1/2022,Brazil,1049.91,518.17
9/1/2022,Nigeria,1893.75,342.12
9/1/2022,India,2600.12,1285.03
10/1/2022,USA,425.85,178.78
10/1/2022,Philippines,1957.47,257.16
10/1/2022,Indonesia,1495.61,67.58
10/1/2022,Indonesia,1720.54,510.36
11/1/2022,Philippines,854.8,93.76
11/1/2022,Indonesia,533.09,47.23
11/1/2022,Mexico,769.32,264.21
11/1/2022,Germany,609.3,1574.89
11/1/2022,Mexico,1585.17,1653.46
11/1/2022,Nigeria,2625.28,1274.81
12/1/2022,Germany,2329.46,515.03
12/1/2022,Mexico,2680.89,1574.54
12/1/2022,Russia,2063.53,1727.64
13/01/2022,Philippines,1650.91,411.43
14/01/2022,China,2000.3,528.08
15/01/2022,Nigeria,2149.43,1661.39
15/01/2022,China,6315.38,268.73
16/01/2022,Philippines,4319.54,630.18
16/01/2022,China,604.09,290.41
17/01/2022,Germany,687.06,600.51
17/01/2022,Philippines,5099.36,231.08
18/01/2022,Nigeria,727.1,673.06
19/01/2022,India,2353.3,55.59
19/01/2022,Nigeria,1331.84,1130.75
19/01/2022,Russia,3022.62,645.3
19/01/2022,Brazil,2119.68,179.39
20/01/2022,Nigeria,1112.44,300.31
21/01/2022,Nigeria,2427.08,1373.99
22/01/2022,Philippines,4231.19,874.45
22/01/2022,Germany,3312.68,1112.98
22/01/2022,India,2543.26,1166.9
22/01/2022,Russia,2462.9,312.57
23/01/2022,Mexico,1311.36,1513.5
23/01/2022,China,2730.7,986.39
24/01/2022,Russia,2369.36,696.91
24/01/2022,Indonesia,562.19,719.09
25/01/2022,USA,1000.61,309.13
25/01/2022,Russia,630.35,1506.94
25/01/2022,Mexico,5131,1075.39
25/01/2022,USA,1086.51,365.94
26/01/2022,Germany,1228.09,214.74
26/01/2022,Philippines,1616.12,766.17
27/01/2022,China,3398.74,1166.12
28/01/2022,Mexico,359.32,743.62
28/01/2022,Brazil,490.49,594.8
28/01/2022,China,3913.74,623.51
28/01/2022,USA,3735.43,1135.1
29/01/2022,Philippines,1599.02,92.81
29/01/2022,China,2896.75,489.64
29/01/2022,Indonesia,2645.02,99.61
30/01/2022,Brazil,1293.78,157.96
30/01/2022,Nigeria,2139.38,235.51
31/01/2022,Nigeria,847.92,784.92
2/2/2022,USA,1101.18,1152.11
2/2/2022,Philippines,3724.54,36.8
3/2/2022,India,2147.95,799.05
3/2/2022,Russia,2543.71,131.11
3/2/2022,China,2668.22,475.92
4/2/2022,Indonesia,2975.51,1176.09
4/2/2022,China,1441.91,483.51
4/2/2022,Nigeria,166.89,411.64
5/2/2022,Philippines,2251.79,1115.01
5/2/2022,China,1234.3,130.2
6/2/2022,Nigeria,621.15,56.15
6/2/2022,Indonesia,1169.74,86.71
7/2/2022,Indonesia,868.13,2202.73
8/2/2022,India,238.72,503.88
9/2/2022,India,2376.17,455.41
9/2/2022,Germany,1580.57,1085.48
10/2/2022,Philippines,4954.21,570.09
10/2/2022,India,564.12,323.77
10/2/2022,Mexico,1562.15,958.51
11/2/2022,Brazil,2001.86,1403.57
12/2/2022,India,1613.92,102.28
14/02/2022,Philippines,1795.16,311.44
15/02/2022,Russia,1027.33,697.91
15/02/2022,China,679.17,48.13
15/02/2022,Indonesia,1436.75,384.15
15/02/2022,India,2567.34,1911.25
15/02/2022,Nigeria,1428.95,1272.69
15/02/2022,Indonesia,3262.9,246.53
16/02/2022,India,904.08,867.99
16/02/2022,China,946.75,865.46
17/02/2022,Nigeria,964.84,359.19
17/02/2022,Nigeria,3620.21,567.7
17/02/2022,Germany,961.04,407.81
17/02/2022,Brazil,2384.64,274.44
17/02/2022,USA,2874.8,197.83
18/02/2022,Russia,1022.86,1492.02
18/02/2022,Indonesia,1993.73,1039.53
19/02/2022,Nigeria,513.25,549.76
19/02/2022,Mexico,791.43,21.52
19/02/2022,Russia,2160.27,525.85
19/02/2022,India,750.1,151.84
20/02/2022,Germany,1125.63,180.87
20/02/2022,Brazil,979.13,536.62
21/02/2022,Russia,5578.29,468.78
22/02/2022,China,1050.57,356.1
22/02/2022,Brazil,2655.32,1274.36
22/02/2022,Indonesia,1958.21,371.46
23/02/2022,Indonesia,1829.59,817.45
23/02/2022,India,511.73,409.02
23/02/2022,Russia,691.03,307.08
24/02/2022,USA,2605.89,269.68
24/02/2022,Nigeria,163.74,629.25
25/02/2022,Germany,3381.96,1592.97
25/02/2022,Brazil,2121.43,514.61
26/02/2022,USA,1233.94,99.24
26/02/2022,Mexico,3536.54,384.27
27/02/2022,Brazil,3052.81,781.4
27/02/2022,Mexico,4614.78,407.29
1/3/2022,Indonesia,3293.87,884.85
1/3/2022,Nigeria,602.47,886.08
2/3/2022,Philippines,1198.58,907.56
2/3/2022,India,4190.47,516.45
2/3/2022,China,1026.37,1305.24
3/3/2022,Mexico,3978.88,200.18
3/3/2022,USA,2315.53,1313.21
4/3/2022,USA,1039.48,42.47
6/3/2022,Indonesia,2055.85,356
6/3/2022,Nigeria,2102.01,1831
7/3/2022,Mexico,3774.52,287.6
8/3/2022,Brazil,449.97,280.11
9/3/2022,USA,356.89,440.11
10/3/2022,Brazil,4306.37,694.71
10/3/2022,USA,1279.48,1060.74
13/03/2022,Russia,1526.81,1986.26
15/03/2022,Brazil,704.64,1015.79
15/03/2022,India,2406.15,846.92
16/03/2022,Brazil,797.01,1090.69
17/03/2022,Germany,1774.56,672.95
17/03/2022,Germany,2033.63,415.97
19/03/2022,Russia,2909.43,1031.47
19/03/2022,Indonesia,2783.15,563.1
20/03/2022,Brazil,1859,1661.32
21/03/2022,Mexico,376.2,717.57
21/03/2022,Germany,5374.54,666.82
21/03/2022,Russia,2025.78,673.88
21/03/2022,Brazil,1917.34,807.82
21/03/2022,Mexico,952.42,516.51
22/03/2022,Indonesia,2191.52,164.57
23/03/2022,India,1283.83,1317.26
24/03/2022,China,1107.66,1189.28
24/03/2022,China,1344.47,1215.61
24/03/2022,China,932.69,144.21
25/03/2022,USA,1130.51,1092.14
26/03/2022,China,4965.52,198.18
26/03/2022,Philippines,1657.59,798.77
26/03/2022,China,1396.74,528.31
26/03/2022,Nigeria,1168.06,1087.02
27/03/2022,Mexico,1972.59,1575.99
27/03/2022,Germany,613.51,2238.77
27/03/2022,Brazil,2708.09,1183.78
28/03/2022,Germany,2656.98,587.32
28/03/2022,Nigeria,825.79,1148.17
29/03/2022,Indonesia,2411.08,1035.57
29/03/2022,India,1575.93,364.63
30/03/2022,China,1208.99,1171.25
31/03/2022,USA,1066.69,528.77
31/03/2022,Brazil,1642.63,180.16
31/03/2022,Germany,715.05,1175.2
31/03/2022,Indonesia,989.7,709.15
31/03/2022,Russia,3014.41,563.79
31/03/2022,Brazil,439.54,116.42
1/4/2022,Mexico,4335.53,53.46
1/4/2022,Nigeria,958.83,1162.31
2/4/2022,Nigeria,2965.89,69.02
2/4/2022,Germany,1113,2267.33
3/4/2022,Nigeria,1771.52,698.79
4/4/2022,Philippines,712.39,660.26
4/4/2022,Philippines,704.05,400.91
4/4/2022,Nigeria,3995.11,1020.16
5/4/2022,Nigeria,2266.13,2113.57
6/4/2022,Brazil,4440.16,773.92
7/4/2022,Nigeria,2425.81,533.34
8/4/2022,Russia,2758.16,395.75
8/4/2022,USA,886.82,2401.64
8/4/2022,Russia,1811.94,552.5
9/4/2022,India,1185.27,876.38
10/4/2022,China,882.43,1346.24
10/4/2022,Germany,1089.44,428.74
11/4/2022,Indonesia,1744.84,1051.43
11/4/2022,Brazil,4808.58,34.56
11/4/2022,USA,3790.54,729.12
12/4/2022,China,324.8,141.94
12/4/2022,Nigeria,1180.93,1788.17
12/4/2022,China,1391.05,1950.79
13/04/2022,China,1071.55,1006.3
13/04/2022,Nigeria,866.48,305.54
14/04/2022,Germany,3852.18,333.94
15/04/2022,Russia,779.14,431.01
15/04/2022,USA,2601.55,38.85
16/04/2022,USA,2900.88,149.53
16/04/2022,Indonesia,1957.33,1678.04
16/04/2022,Nigeria,1629.17,102.93
16/04/2022,China,2221.95,616.99
16/04/2022,USA,1111.84,1395.42
17/04/2022,Brazil,3044.86,570.7
17/04/2022,Mexico,1186.65,2732.73
18/04/2022,Nigeria,1654.7,548.86
19/04/2022,Nigeria,1691.51,2008.59
20/04/2022,Philippines,1037.95,243.94
21/04/2022,Russia,1525.82,640.7
21/04/2022,India,3929.2,632.96
21/04/2022,Nigeria,2129.28,1145.19
21/04/2022,Indonesia,2104.48,1774.32
21/04/2022,India,704.58,158.14
23/04/2022,Indonesia,2386.68,599.01
23/04/2022,Mexico,2434.02,1110.99
23/04/2022,Germany,1136.14,1091.58
24/04/2022,Indonesia,3287.75,1428.89
25/04/2022,USA,6283.66,2099.24
25/04/2022,Brazil,1803.01,162.43
26/04/2022,Nigeria,878.1,430.51
26/04/2022,USA,1648.53,297.42
26/04/2022,Nigeria,3730.64,149.47
27/04/2022,Nigeria,2078.19,131.91
28/04/2022,China,356.58,1413.65
28/04/2022,China,787.22,263.36
29/04/2022,Indonesia,1314.15,296.98
29/04/2022,India,4813.97,242.24
29/04/2022,India,3019.45,321.26
29/04/2022,China,2823.83,1368.42
30/04/2022,USA,3754.04,161.47
30/04/2022,Russia,1581.44,1816.81
30/04/2022,Indonesia,1578.38,3274.86
1/5/2022,Russia,2259.99,664.2
1/5/2022,China,998.63,108.64
1/5/2022,China,170,372.1
1/5/2022,Nigeria,1638.38,28.59
2/5/2022,Mexico,4994.06,674.47
2/5/2022,Germany,384.59,961.95
3/5/2022,Germany,1638.07,149.95
3/5/2022,Mexico,370.33,900.17
3/5/2022,USA,691.36,153.57
3/5/2022,China,1867,1430.01
5/5/2022,Indonesia,576.44,737.86
5/5/2022,Mexico,4111.39,1358.63
6/5/2022,Indonesia,753.35,28.21
7/5/2022,Nigeria,492.39,969.67
7/5/2022,USA,2613.56,1638.95
8/5/2022,Nigeria,687.73,718.46
8/5/2022,China,190.4,1751.41
8/5/2022,Indonesia,832.48,585.52
8/5/2022,Mexico,3511.5,207.88
9/5/2022,Nigeria,1307.38,352.75
9/5/2022,China,360.88,350.55
9/5/2022,Mexico,320.27,1166.88
10/5/2022,USA,1045.58,877.99
10/5/2022,Germany,7786.89,380.71
10/5/2022,Russia,3403,1672.53
11/5/2022,Indonesia,1367.49,603.86
12/5/2022,India,1095.3,727.94
13/05/2022,USA,1866.06,217.84
14/05/2022,Germany,4365.18,337.22
14/05/2022,India,838.61,91.31
14/05/2022,Russia,1432.82,785.55
15/05/2022,Nigeria,3181.21,846.59
16/05/2022,Brazil,2240.92,451.49
16/05/2022,Mexico,1002.2,648.59
16/05/2022,Brazil,1066.68,309.6
16/05/2022,Nigeria,1491.93,577.32
17/05/2022,China,1958.46,829.36
17/05/2022,USA,1916.86,1155.63
17/05/2022,Mexico,4173.53,490.07
17/05/2022,Philippines,777.46,164.91
18/05/2022,Indonesia,1121.77,55.87
18/05/2022,Mexico,1269.16,292.1
18/05/2022,Russia,1538.43,291.24
19/05/2022,Mexico,2479.49,812.81
20/05/2022,Germany,1492.87,1937.32
20/05/2022,China,2065.5,522.07
21/05/2022,USA,1441.52,502.84
22/05/2022,Philippines,2424.34,264.36
23/05/2022,India,1686.86,296.44
23/05/2022,USA,1084.91,1078
24/05/2022,Indonesia,901.02,809.37
24/05/2022,Brazil,1336.48,1368.34
25/05/2022,Brazil,2603.22,63.37
25/05/2022,Mexico,469.22,372.91
27/05/2022,Nigeria,2423.93,554.25
27/05/2022,Indonesia,1654.92,152.55
27/05/2022,China,2806.79,849.37
28/05/2022,Indonesia,2417.57,591.49
28/05/2022,India,580.7,492.57
29/05/2022,Germany,1228.09,1577.03
29/05/2022,India,2128.67,383.19
30/05/2022,Germany,1166.31,892.85
30/05/2022,USA,5062.39,1304.68
30/05/2022,Germany,1337.38,3299.88
30/05/2022,Germany,2117.27,363.35
31/05/2022,USA,2954.16,1120.72
31/05/2022,Nigeria,2012.85,485.21
31/05/2022,China,1973.24,517.53
1/6/2022,Indonesia,1712.61,678.05
1/6/2022,Indonesia,2706.58,1375.91
1/6/2022,India,3720.23,643.63
2/6/2022,Brazil,2328.61,365.9
3/6/2022,Philippines,1555.17,950.32
3/6/2022,India,125.33,111.94
5/6/2022,Mexico,2389.33,830.44
6/6/2022,Nigeria,1494.23,1270.84
7/6/2022,China,3162.12,192.38
8/6/2022,Philippines,2581.08,103.04
9/6/2022,India,1758.41,373.31
9/6/2022,USA,5856.96,1155.06
10/6/2022,USA,3737.98,291.68
11/6/2022,India,886.02,181.45
11/6/2022,Russia,270.33,1153.14
11/6/2022,USA,2346.3,459.44
11/6/2022,Philippines,5320.24,509.82
12/6/2022,Brazil,1844.29,648.73
12/6/2022,USA,3065.78,803.2
12/6/2022,Nigeria,1003.27,1163.5
13/06/2022,Philippines,549.88,1171.87
13/06/2022,Indonesia,2537.57,366.73
14/06/2022,Brazil,2162.85,385.64
15/06/2022,China,824.73,395.61
15/06/2022,India,2238.99,286.53
15/06/2022,USA,4329.35,568.25
16/06/2022,China,5451.6,146.37
16/06/2022,Brazil,2555.6,1919.65
16/06/2022,China,1915.46,366.61
16/06/2022,Philippines,4815.82,61.27
17/06/2022,India,2850.78,415.91
18/06/2022,India,3981.33,1734.77
18/06/2022,Indonesia,1841.66,368.54
19/06/2022,Germany,870.49,209.63
19/06/2022,USA,3679.81,1625.43
19/06/2022,Nigeria,3323.02,1341.15
19/06/2022,Mexico,964.44,234.96
20/06/2022,Russia,1171.66,258.12
21/06/2022,Germany,2422.05,770.17
21/06/2022,China,1451.56,2010.72
21/06/2022,Mexico,2065.25,3375.4
22/06/2022,Nigeria,1622.46,783.72
23/06/2022,Nigeria,2605.2,1242.58
23/06/2022,Indonesia,5039.63,1571.67
23/06/2022,Mexico,1731.75,547.22
23/06/2022,Russia,1756.1,464.41
24/06/2022,Philippines,2295.8,891.01
24/06/2022,Russia,5688.72,827.12
24/06/2022,Nigeria,863.18,2099.76
24/06/2022,Russia,5059.61,439.93
24/06/2022,Germany,1705.74,152.7
24/06/2022,USA,1635.58,302.67
25/06/2022,USA,531.1,100.26
25/06/2022,India,2400.88,233.05
26/06/2022,Indonesia,1730.1,1972.48
26/06/2022,USA,1973.21,584.12
27/06/2022,Russia,1936.93,106.6
27/06/2022,Mexico,587.12,490.27
27/06/2022,China,360.27,40.07
28/06/2022,China,241.03,201.36
28/06/2022,Germany,995.41,913.22
28/06/2022,Indonesia,1353.26,2884.69
29/06/2022,India,2565.38,2502.58
30/06/2022,Nigeria,4255.37,1309.31
1/7/2022,China,4894.78,596.92
2/7/2022,Germany,794.93,809.21
2/7/2022,USA,93.51,66.25
2/7/2022,India,3431.24,431.31
3/7/2022,Indonesia,2694.98,246.84
3/7/2022,Mexico,1820.71,896.73
3/7/2022,Indonesia,1398.86,1081.13
3/7/2022,Germany,2670.5,121.47
4/7/2022,Brazil,1919.1,2092.88
6/7/2022,USA,1072.71,534.6
7/7/2022,Nigeria,783.69,1678.02
7/7/2022,USA,2504.07,848.13
7/7/2022,Mexico,1908.17,334.68
7/7/2022,China,973.58,986.87
8/7/2022,Russia,3437.8,1988.93
8/7/2022,Nigeria,1377.78,907.63
8/7/2022,India,1830.66,103.92
9/7/2022,Indonesia,690.45,1050.53
9/7/2022,Philippines,1877.86,738.67
10/7/2022,Philippines,4812.25,866.74
10/7/2022,India,2523.07,1126.21
10/7/2022,Russia,236.87,1535.15
10/7/2022,Philippines,1184.59,795.07
10/7/2022,India,908.32,231.21
11/7/2022,Brazil,3269.25,375.06
11/7/2022,Philippines,872.17,2420.85
11/7/2022,Brazil,1264.16,1875.23
11/7/2022,USA,710.91,945.61
12/7/2022,USA,2554.61,36.7
12/7/2022,Russia,362.98,1136.41
13/07/2022,Nigeria,2385.81,335.66
13/07/2022,Nigeria,5531.54,624.22
14/07/2022,China,3030.1,1062.02
14/07/2022,Russia,725.37,1260.56
14/07/2022,Mexico,3040.9,400.69
17/07/2022,Indonesia,4212.8,306.89
17/07/2022,India,1962.48,852.68
17/07/2022,Philippines,1010,1301.6
17/07/2022,USA,444.18,1548.08
18/07/2022,Nigeria,4667.14,659.83
18/07/2022,China,4767.01,1186.54
18/07/2022,China,146.28,1327.32
18/07/2022,Germany,5123.99,517.38
18/07/2022,India,1520.42,901.83
18/07/2022,Russia,1548.68,2085.66
19/07/2022,Russia,2691.51,1088.12
20/07/2022,USA,1418.04,826.6
20/07/2022,India,1751.3,1208.14
20/07/2022,Philippines,2249.33,149.75
20/07/2022,USA,3845.27,375.96
20/07/2022,Nigeria,794.4,1034.79
20/07/2022,Nigeria,2980.54,149.66
21/07/2022,Nigeria,498.43,526.86
21/07/2022,Germany,336.5,891.42
23/07/2022,Nigeria,3716.78,551.71
24/07/2022,Indonesia,535.26,140.35
24/07/2022,Russia,2337.36,428.63
24/07/2022,Indonesia,2596.86,1576.99
24/07/2022,Indonesia,1399.78,566.68
24/07/2022,Indonesia,1337.67,2170.21
25/07/2022,Mexico,1935.7,2286.3
25/07/2022,Nigeria,3464.33,128.81
25/07/2022,Indonesia,127.13,430.54
26/07/2022,Philippines,4725.77,577.82
27/07/2022,Germany,1358.69,358.94
27/07/2022,Mexico,591.68,1087.89
28/07/2022,USA,520.25,330.32
28/07/2022,USA,2313.54,37.84
29/07/2022,China,1099.2,266.1
30/07/2022,Brazil,792.13,406.4
30/07/2022,Russia,611.62,1388.35
30/07/2022,Indonesia,905.96,2048.84
30/07/2022,Germany,2443.63,575.66
31/07/2022,Philippines,1214.58,440.95
31/07/2022,Germany,3269.48,1029.77
1/8/2022,USA,2275.98,905.04
2/8/2022,India,2682.66,903.17
3/8/2022,Philippines,2961,776.42
3/8/2022,Indonesia,1929.29,1657.41
3/8/2022,Brazil,2143.06,139.51
3/8/2022,China,820.08,682.73
4/8/2022,Nigeria,2074.37,646.74
4/8/2022,Indonesia,1464.89,330.6
4/8/2022,India,2226.68,401.42
5/8/2022,Nigeria,2504.22,2009.28
5/8/2022,USA,2358.44,81.29
6/8/2022,USA,641.28,396.84
6/8/2022,India,4089.98,752.77
8/8/2022,Germany,1038.7,221.05
8/8/2022,Indonesia,1865.25,341.06
9/8/2022,Indonesia,3061.15,307.67
9/8/2022,Brazil,581.56,246.21
9/8/2022,Nigeria,1662.31,290.57
9/8/2022,Russia,3705.47,183.22
9/8/2022,Nigeria,5659.49,1186
10/8/2022,Germany,1030.32,454.78
10/8/2022,Brazil,2704,263.25
10/8/2022,Nigeria,424.29,552.34
10/8/2022,USA,2687.66,65.02
11/8/2022,Nigeria,4698.78,321.76
12/8/2022,Indonesia,2626.06,592.09
12/8/2022,Indonesia,1586.5,1781.61
13/08/2022,Brazil,2647.5,451.21
14/08/2022,China,1397.36,1528.62
14/08/2022,USA,2028.4,666.62
15/08/2022,USA,471.1,204.75
15/08/2022,Brazil,2001.25,467.13
16/08/2022,Nigeria,511.31,266.35
16/08/2022,USA,4029.82,654.67
17/08/2022,Nigeria,617.72,1479.7
17/08/2022,China,2730.81,711.36
18/08/2022,Germany,783.37,505.79
18/08/2022,Mexico,1980.24,271.55
18/08/2022,Indonesia,1560.91,388.14
19/08/2022,Germany,680.08,1487.97
19/08/2022,Mexico,2353.95,1205.8
20/08/2022,Germany,909.2,1351.42
20/08/2022,Philippines,1233.59,151.95
20/08/2022,Russia,2340.92,256.78
21/08/2022,Indonesia,4569.06,1704.33
21/08/2022,Russia,1305.88,403.08
21/08/2022,India,6034.21,43.64
21/08/2022,India,2079.61,233.94
22/08/2022,Philippines,537.77,653.8
23/08/2022,Indonesia,733.97,310.12
23/08/2022,Indonesia,4873.6,457.59
24/08/2022,China,1479.69,1553.9
25/08/2022,Brazil,2569.54,60.13
25/08/2022,Brazil,3065.51,988.34
25/08/2022,India,3165.8,152.45
26/08/2022,Indonesia,723.93,537.75
26/08/2022,China,3228.85,221.61
26/08/2022,Brazil,3614.43,193.51
27/08/2022,Germany,307.31,433.18
27/08/2022,Indonesia,765.48,2289.62
27/08/2022,China,2296.18,209.58
27/08/2022,China,2114.14,392.42
27/08/2022,USA,2582.53,615.26
28/08/2022,Philippines,2820.67,746.8
29/08/2022,Russia,3809.99,176.46
29/08/2022,USA,3951.26,952.11
30/08/2022,Indonesia,475.64,80.17
30/08/2022,Philippines,874.36,165.14
31/08/2022,Philippines,1468.6,660.35
31/08/2022,USA,1606.82,1457.68
1/9/2022,Philippines,3812.28,1356.08
1/9/2022,Indonesia,1766.31,21.54
2/9/2022,Philippines,3088.3,387.14
2/9/2022,Nigeria,1115.37,960.14
3/9/2022,Germany,1141.19,610.38
3/9/2022,Nigeria,669.89,507.56
4/9/2022,Germany,2717.68,647.03
4/9/2022,Germany,955.4,94.44
5/9/2022,China,5519.33,540.21
6/9/2022,Mexico,835.66,669.06
6/9/2022,Brazil,2397.6,1231.29
7/9/2022,China,935.88,202.03
7/9/2022,USA,2015.33,191.63
7/9/2022,Nigeria,3393.98,358.51
7/9/2022,Germany,906.13,1810.61
8/9/2022,Nigeria,2072.12,315.23
9/9/2022,Russia,2430.28,634.74
10/9/2022,China,1088.84,188.75
11/9/2022,USA,3334.28,577.55
12/9/2022,Philippines,2634.49,304.63
13/09/2022,China,6960,270.3
14/09/2022,Mexico,3229.17,477.46
15/09/2022,Philippines,1667.35,802.16
16/09/2022,Indonesia,1858.72,356.5
16/09/2022,Germany,3331.81,1778.67
17/09/2022,Germany,1202.14,924.41
18/09/2022,Philippines,1270.76,407.52
18/09/2022,Germany,1801.65,675.74
18/09/2022,Indonesia,1289.62,204.09
18/09/2022,China,1618.22,926.55
19/09/2022,Nigeria,4168.59,561.22
19/09/2022,Indonesia,1109.13,459.69
21/09/2022,Brazil,4777.26,1384.05
21/09/2022,Germany,1729.52,164.82
21/09/2022,China,3825.95,2174.49
21/09/2022,USA,448.97,1210.54
22/09/2022,USA,1984.55,527.84
22/09/2022,China,1441.23,506.44
23/09/2022,Germany,1180.11,63.28
23/09/2022,Brazil,2487.44,1170.69
25/09/2022,Mexico,709.54,1060.74
26/09/2022,Philippines,1766.73,1388.73
26/09/2022,India,197.67,1058.69
27/09/2022,USA,6090.1,1047
27/09/2022,Germany,995.29,146.35
27/09/2022,Philippines,2187.34,1525.44
28/09/2022,China,839.95,607.07
28/09/2022,Indonesia,1773.55,137.05
29/09/2022,Germany,2771.31,403.17
29/09/2022,Indonesia,1954.58,2952.63
30/09/2022,Philippines,2840.67,125.04
30/09/2022,Russia,4332.07,677.62
1/10/2022,Nigeria,876.69,2250.77
2/10/2022,Mexico,353.83,589.93
2/10/2022,Russia,3718.21,522.9
2/10/2022,USA,1302.43,3106.68
4/10/2022,Nigeria,1552.5,662.05
4/10/2022,Nigeria,1210.46,1334.38
5/10/2022,India,3038.72,826.62
7/10/2022,Brazil,1128.63,1640.95
8/10/2022,Russia,1012.84,350.71
8/10/2022,Germany,2187.74,688.96
8/10/2022,Germany,1595.51,1520.89
8/10/2022,Philippines,1104.32,310.96
9/10/2022,Nigeria,1994.34,2674.84
9/10/2022,India,663.28,580.58
10/10/2022,Russia,864.32,1311.22
11/10/2022,Indonesia,1424.66,369.29
11/10/2022,Mexico,1916.72,1210.89
11/10/2022,Germany,3254.36,37.4
12/10/2022,Germany,2591.25,1807.36
13/10/2022,Indonesia,1504.33,176.63
14/10/2022,Germany,1561.25,764.04
15/10/2022,Nigeria,2220.96,610.31
15/10/2022,India,1284.54,548.97
15/10/2022,Nigeria,3869.49,765.81
16/10/2022,Russia,2579.05,196.48
16/10/2022,India,2749.71,948.03
17/10/2022,Brazil,3193.72,352.73
17/10/2022,Philippines,1499.25,2352.25
17/10/2022,Mexico,3072.98,304.09
18/10/2022,Germany,1253.51,1142.44
19/10/2022,Brazil,795.06,418.41
19/10/2022,Indonesia,1931.07,1120.57
20/10/2022,Philippines,2914.68,321.73
21/10/2022,Mexico,301.14,1101.04
21/10/2022,Indonesia,1554.1,375.61
21/10/2022,Indonesia,3473.93,1106.06
22/10/2022,Russia,985.09,1726.49
23/10/2022,Germany,1325.83,542.64
24/10/2022,Nigeria,525.06,607.87
24/10/2022,India,1129.24,1208.46
25/10/2022,Philippines,131.5,561.33
25/10/2022,Philippines,1103.92,22.91
26/10/2022,Philippines,792.66,1066.95
26/10/2022,Russia,533.94,779.74
26/10/2022,Russia,30.3,1479.89
26/10/2022,Germany,1987.16,1559.67
26/10/2022,Russia,1593.02,898.97
28/10/2022,Indonesia,1723.48,169.01
28/10/2022,Brazil,695.53,517.57
29/10/2022,Russia,2231.05,745.23
29/10/2022,Philippines,1083.14,269.53
30/10/2022,Brazil,1453.07,693.69
30/10/2022,Nigeria,577.1,1153.56
31/10/2022,USA,1649.3,166.21
1/11/2022,USA,894.34,589.96
1/11/2022,Indonesia,973.44,381.02
1/11/2022,Russia,262.6,151.56
1/11/2022,Russia,1778.18,1422.47
2/11/2022,Nigeria,3906.17,224.4
2/11/2022,Germany,959.26,254.62
4/11/2022,Philippines,223.86,784.24
4/11/2022,Mexico,750.77,423.49
4/11/2022,Philippines,1033.19,150.51
5/11/2022,China,3021.7,194.72
5/11/2022,Russia,1639.83,138.66
5/11/2022,USA,2572.95,679.89
5/11/2022,China,1959.51,706.97
5/11/2022,Brazil,2142.25,635.82
5/11/2022,Nigeria,2293.32,495.88
5/11/2022,Mexico,2352.55,786.95
5/11/2022,India,166.59,322.91
6/11/2022,Mexico,1091.14,353.85
6/11/2022,Indonesia,630.54,101.91
7/11/2022,China,1242.38,227.68
7/11/2022,Germany,2096.27,1180.19
8/11/2022,Philippines,1783.76,228.93
8/11/2022,USA,755.51,138.77
9/11/2022,China,231.48,59.04
9/11/2022,Germany,2966.15,347.99
9/11/2022,India,3027.21,606.47
10/11/2022,USA,2848.32,1149.77
11/11/2022,India,4507.97,25.45
11/11/2022,Russia,431.66,268.83
12/11/2022,Russia,1355.99,261.12
13/11/2022,Brazil,1044.22,780.39
15/11/2022,Mexico,1548.99,1986.05
16/11/2022,Philippines,164.78,901.36
17/11/2022,Germany,1270.36,1868.84
17/11/2022,Indonesia,1326.08,398.17
17/11/2022,Germany,1355.71,551.93
18/11/2022,India,3440.52,413.66
19/11/2022,Philippines,2928.25,16.88
20/11/2022,Mexico,1076.01,159.9
20/11/2022,Russia,639.64,194.93
21/11/2022,China,3483.1,406.04
21/11/2022,Russia,2434.28,631.65
21/11/2022,China,1426.93,785.46
21/11/2022,Brazil,1008.03,335.23
21/11/2022,Philippines,1996.4,1027.03
22/11/2022,USA,849,560.86
24/11/2022,India,2348.06,601.14
25/11/2022,Germany,755.06,1065.78
25/11/2022,Russia,2030.59,155.51
26/11/2022,USA,5560.01,1791.59
26/11/2022,Mexico,4356.71,2666.8
27/11/2022,Indonesia,222.48,451.9
27/11/2022,Germany,2923.43,437.5
28/11/2022,USA,739.21,1480.83
28/11/2022,Brazil,3698.04,1186.24
28/11/2022,Brazil,3540.71,384.22
29/11/2022,Philippines,884.97,588.49
29/11/2022,India,971.61,72.15
30/11/2022,Brazil,1541.88,891.03
1/12/2022,India,859.74,41.29
3/12/2022,India,317.11,394.08
3/12/2022,Indonesia,1573.01,298.76
3/12/2022,China,275.71,814.01
4/12/2022,India,844.85,2203.4
6/12/2022,Brazil,1470.89,221.09
6/12/2022,Brazil,733.24,746.43
6/12/2022,Indonesia,5257.73,198.59
8/12/2022,Mexico,2680.5,2280.49
9/12/2022,Germany,2766.48,105.65
9/12/2022,Germany,4329.17,175.85
9/12/2022,Nigeria,1298.02,723.75
9/12/2022,Indonesia,1229.73,680.38
10/12/2022,Indonesia,1698.13,559.57
10/12/2022,Brazil,1607.65,2604.92
12/12/2022,India,1116.49,1432.59
12/12/2022,China,716.41,246.21
12/12/2022,Russia,560.96,200.56
13/12/2022,Philippines,337.73,2192.47
13/12/2022,Philippines,5701.14,1212.57
13/12/2022,Indonesia,865.7,167.09
14/12/2022,Indonesia,638.17,129.68
14/12/2022,Germany,836.13,408.08
15/12/2022,Philippines,3746.61,325.88
16/12/2022,China,810.58,1760.01
16/12/2022,Russia,1760.36,1159
16/12/2022,USA,4333.29,198.2
17/12/2022,Indonesia,2583.9,633.63
19/12/2022,Philippines,3154.63,528.46
19/12/2022,India,356.56,502.57
19/12/2022,Russia,2071.23,172.63
20/12/2022,Germany,31.71,766.13
21/12/2022,China,2933.42,704.24
22/12/2022,Nigeria,1693.93,643.17
22/12/2022,China,1564.76,148.09
22/12/2022,Indonesia,1187.7,1525.22
22/12/2022,Philippines,645.32,9.25
23/12/2022,Germany,1760.78,686.09
23/12/2022,Indonesia,2128.14,1034.41
23/12/2022,USA,2600.58,1557
23/12/2022,China,936.04,1039.68
23/12/2022,Russia,2369.99,688.14
23/12/2022,China,829.31,1193.58
25/12/2022,USA,798.5,1340.22
26/12/2022,Mexico,429.97,298.22
26/12/2022,India,1245.86,1054.54
26/12/2022,Russia,530.15,1006.76
27/12/2022,Brazil,2384.26,566.48
27/12/2022,Russia,2415.84,483.52
28/12/2022,Mexico,1443.48,1671.46
28/12/2022,Nigeria,3476.06,474.64
29/12/2022,India,2435.38,263.57
29/12/2022,Brazil,2220.33,259.63
29/12/2022,USA,1637.32,879.84
29/12/2022,Germany,868.15,853.17
31/12/2022,Nigeria,1570.62,319.37
1/1/2023,Philippines,560.85,676.79
2/1/2023,Brazil,3485.98,506.33
2/1/2023,USA,1232.56,1656.03
3/1/2023,Mexico,3149.77,294.04
3/1/2023,Russia,1768.56,2619.02
3/1/2023,Philippines,2652.25,14.19
3/1/2023,USA,994.63,458.86
4/1/2023,China,4787.15,1179.14
4/1/2023,Mexico,2067.89,1320.74
4/1/2023,Brazil,438.13,90.85
5/1/2023,Philippines,7856.04,518.68
5/1/2023,Russia,597.58,490.67
5/1/2023,China,2176.57,1773.99
6/1/2023,Brazil,850.68,404.71
6/1/2023,Mexico,2815.57,335.52
7/1/2023,USA,923.49,468.16
7/1/2023,Brazil,2197.71,751.03
7/1/2023,India,5038.06,695.16
8/1/2023,China,3430.86,1429.43
8/1/2023,Russia,2553.39,396.39
8/1/2023,Brazil,162.53,948
9/1/2023,Mexico,3983.95,909.2
9/1/2023,China,1682.98,1497.9
9/1/2023,USA,292.99,1393.96
9/1/2023,China,1670.6,237.89
9/1/2023,Russia,2398.57,1646.22
9/1/2023,China,1867.16,1258.78
10/1/2023,Nigeria,827.75,128.01
10/1/2023,Mexico,2358.87,221.57
10/1/2023,India,1294.72,114.78
11/1/2023,Nigeria,1806.44,304.87
11/1/2023,Nigeria,1418.11,1383.29
11/1/2023,China,1371,603.33
12/1/2023,Germany,2844.44,924.63
13/01/2023,Russia,3104.98,589.26
13/01/2023,Russia,1550.75,361.59
15/01/2023,USA,2983.1,1687.98
15/01/2023,Brazil,1314.93,241.49
16/01/2023,USA,6253.12,556.16
16/01/2023,Nigeria,3465.12,757.92
17/01/2023,Germany,1298.13,311.4
17/01/2023,Russia,1900.61,1168.57
17/01/2023,Brazil,1403.52,568.03
17/01/2023,Philippines,2077.21,1451.98
17/01/2023,Germany,661.03,2116.67
19/01/2023,Mexico,266.41,546.47
20/01/2023,Russia,1810.78,1055
20/01/2023,India,4214.18,733.58
20/01/2023,Russia,3751.14,468.72
21/01/2023,Philippines,215.91,788.1
21/01/2023,Mexico,1521.78,404.03
22/01/2023,Philippines,624.34,422.06
22/01/2023,USA,3239.22,1083.75
22/01/2023,Brazil,2801.45,726.99
23/01/2023,USA,4892.68,1352.48
23/01/2023,USA,1511.98,608.32
23/01/2023,Germany,685.4,602.31
24/01/2023,Brazil,374.75,2933.56
26/01/2023,Indonesia,6829.59,687.73
27/01/2023,Russia,963.22,3240.38
27/01/2023,USA,4688.95,28.95
28/01/2023,USA,793.77,1767.31
28/01/2023,Brazil,1032.15,1217.77
29/01/2023,Philippines,524.11,249.07
29/01/2023,China,2162.37,2186.45
30/01/2023,Russia,1642.88,3599.46
31/01/2023,India,1213.72,309.62
31/01/2023,Mexico,3092.48,638.68
31/01/2023,Russia,3035.35,736.49
1/2/2023,China,807.61,2455.11
1/2/2023,Russia,4146.28,255.54
1/2/2023,India,2601.6,593.26
2/2/2023,USA,1278.18,341.74
2/2/2023,Nigeria,1147.33,171.49
2/2/2023,Indonesia,560.63,7.76
3/2/2023,USA,350.31,313.84
3/2/2023,Nigeria,3221.44,419.06
3/2/2023,China,1780.33,676.24
3/2/2023,Brazil,2518.15,803.24
4/2/2023,China,914.69,525.92
4/2/2023,Brazil,404.29,469.68
4/2/2023,Mexico,1733.23,351.04
5/2/2023,Nigeria,3195.14,662.05
5/2/2023,Indonesia,2974.91,269.27
7/2/2023,Mexico,3386.48,615.43
7/2/2023,Nigeria,1440.25,436.38
7/2/2023,Brazil,3127.2,1074.6
7/2/2023,Brazil,3783.57,1468.56
7/2/2023,Philippines,1623.25,883.69
8/2/2023,Mexico,1673.45,1529.64
8/2/2023,Brazil,1558,358.34
8/2/2023,USA,4802.69,66.65
9/2/2023,Nigeria,4956.17,433.44
9/2/2023,China,573.9,1138.5
9/2/2023,Philippines,2536.63,72.43
9/2/2023,Nigeria,2993.28,532.4
9/2/2023,Philippines,1389.91,523.22
11/2/2023,USA,4431.84,79.7
12/2/2023,India,2141.61,898.97
12/2/2023,Mexico,5161.29,613.66
12/2/2023,Mexico,134.03,974.95
13/02/2023,India,4178.27,1278.46
13/02/2023,Nigeria,1387.54,193.23
14/02/2023,Germany,2903.28,401.83
14/02/2023,Philippines,3604.64,382.62
14/02/2023,Brazil,2872.95,606.7
15/02/2023,Indonesia,7093.22,312.8
15/02/2023,Germany,4311.39,2366.72
15/02/2023,Germany,428.09,611.22
16/02/2023,Germany,3219.16,163.27
16/02/2023,Germany,1395.64,325.82
16/02/2023,Philippines,1015.95,541.76
16/02/2023,USA,1815.21,179.79
18/02/2023,India,4738.54,1272.83
18/02/2023,Nigeria,1618.63,1168.15
18/02/2023,Russia,565.52,516.02
18/02/2023,India,1796.18,433.17
20/02/2023,Indonesia,4335.16,462.42
21/02/2023,Brazil,4714.3,295.72
22/02/2023,China,2207.26,1313.33
22/02/2023,USA,1779.11,852.01
22/02/2023,China,1027.77,594.21
23/02/2023,USA,535.18,563.79
23/02/2023,Nigeria,3492.33,515.44
23/02/2023,India,3270.5,788.59
24/02/2023,USA,13610.23,1455.75
24/02/2023,India,5031.95,14
24/02/2023,China,2834.33,772.51
24/02/2023,Mexico,1708.85,1068.19
24/02/2023,China,2846.61,849.53
25/02/2023,Germany,1523,207.38
25/02/2023,Mexico,139.71,687.62
26/02/2023,China,5344.25,318.69
26/02/2023,Mexico,1009.19,464.02
27/02/2023,China,3848.44,574.43
28/02/2023,Brazil,768.35,142.39
28/02/2023,Philippines,1580.26,7.37
28/02/2023,Mexico,1648.31,901.14
1/3/2023,Brazil,2036.25,484.01
1/3/2023,Russia,943.52,194.45
1/3/2023,China,684.88,3124.08
2/3/2023,Mexico,3018.96,459
2/3/2023,Nigeria,2681.76,918.33
3/3/2023,India,3515.93,716.95
5/3/2023,Russia,1021.56,1371.87
5/3/2023,Germany,2337.18,603.83
5/3/2023,Mexico,1386.56,192.88
5/3/2023,Brazil,4490.84,1113.44
7/3/2023,India,2370.35,804.71
7/3/2023,India,1039.69,527.45
7/3/2023,Indonesia,1936.54,59.8
8/3/2023,Russia,1137.38,269.91
8/3/2023,Indonesia,1670.73,578.09
9/3/2023,Russia,4727.69,982.59
10/3/2023,Russia,4734.82,268.96
11/3/2023,Mexico,4204.57,1043.52
11/3/2023,USA,1499.22,188.21
12/3/2023,USA,595.01,421.32
13/03/2023,China,2737.04,106.46
13/03/2023,China,1139.38,280.77
14/03/2023,USA,505.94,202.3
14/03/2023,Germany,2050.99,398.92
15/03/2023,Indonesia,1554.24,493.29
16/03/2023,USA,452.12,1704.39
17/03/2023,Brazil,1982.59,168.68
17/03/2023,Russia,4534.31,284.84
17/03/2023,Indonesia,3760.09,392.83
18/03/2023,Germany,374.26,295.19
18/03/2023,Mexico,934.58,1394.76
18/03/2023,Brazil,911.47,67.35
19/03/2023,Brazil,7054.96,694.58
20/03/2023,China,525.21,1393.47
20/03/2023,Nigeria,1194.63,459.55
21/03/2023,Nigeria,3063.54,497.02
21/03/2023,Indonesia,1432.63,1029.68
21/03/2023,Germany,2931.49,1522.86
21/03/2023,Brazil,1124.79,509.75
23/03/2023,Indonesia,291.38,1605.82
23/03/2023,Brazil,2117.4,190.79
23/03/2023,Brazil,2095.22,860.5
24/03/2023,Mexico,1255.86,1654.13
24/03/2023,Philippines,551.64,607.45
25/03/2023,Philippines,4776.69,1428.56
25/03/2023,Brazil,2777.79,487.09
25/03/2023,Russia,25.86,1447.11
25/03/2023,Germany,1352.69,143.66
26/03/2023,Russia,2186.15,901.31
26/03/2023,Nigeria,1583.22,900.25
26/03/2023,USA,986.77,489.46
27/03/2023,Brazil,1165.3,57.48
27/03/2023,Indonesia,2413.28,152.57
28/03/2023,Russia,1180.46,412.41
28/03/2023,Nigeria,1360.15,1275.01
28/03/2023,USA,1397.86,498.35
29/03/2023,China,1521.07,212.12
29/03/2023,Russia,2378.25,926.73
30/03/2023,India,616.94,1544.45
30/03/2023,Indonesia,1408.39,1866.82
31/03/2023,Indonesia,2790.17,561.82
31/03/2023,India,647.53,220.12
1/4/2023,China,4902.92,1864.55
1/4/2023,Germany,2976.71,1454.76
1/4/2023,Germany,905.92,1110.78
2/4/2023,Indonesia,1935.45,1482.74
2/4/2023,India,1695.84,764.47
3/4/2023,Germany,616.92,274.77
4/4/2023,USA,1727.34,623.23
4/4/2023,Philippines,2852.05,1093.89
6/4/2023,India,1236.32,479.11
6/4/2023,Indonesia,2663.3,1276.17
7/4/2023,Brazil,2710.38,315.45
7/4/2023,India,4795.99,159.26
8/4/2023,Philippines,2344.44,660.25
9/4/2023,Philippines,1441.17,1285.48
9/4/2023,USA,1264.49,51.15
9/4/2023,Philippines,629.3,678.01
10/4/2023,Russia,3226.56,213.53
10/4/2023,Brazil,1739.65,319.97
10/4/2023,Mexico,1435.25,84.07
10/4/2023,Brazil,4307.29,263.41
11/4/2023,Brazil,6652.68,969.63
11/4/2023,Brazil,829.53,464.1
12/4/2023,Brazil,2421.84,559.7
12/4/2023,India,1387.25,569.55
13/04/2023,Indonesia,2016.17,572.64
13/04/2023,Germany,1626.41,232.28
15/04/2023,China,200.01,638.72
16/04/2023,Mexico,2412.72,687.31
16/04/2023,Nigeria,1349.95,250.25
17/04/2023,USA,1858.1,47.51
17/04/2023,India,2898.64,349.33
17/04/2023,China,1585.99,1450.31
18/04/2023,Mexico,2271.35,132.38
18/04/2023,China,618.22,170.12
19/04/2023,Germany,3829.82,1545.48
20/04/2023,Mexico,1150.54,315.66
20/04/2023,USA,2703.91,522.07
20/04/2023,India,4609.41,504.03
21/04/2023,Germany,2121.04,359.7
21/04/2023,India,6688.35,877.71
22/04/2023,Russia,2275.52,361.45
22/04/2023,Philippines,1542.6,211.92
23/04/2023,Philippines,4533.57,783.16
24/04/2023,USA,2106.17,233.99
26/04/2023,Germany,1321.78,545.61
26/04/2023,Indonesia,642.78,621.19
27/04/2023,Philippines,1542.23,1147.48
27/04/2023,Mexico,3174.38,274.42
27/04/2023,USA,763.2,339.47
28/04/2023,Indonesia,3885.77,555.94
29/04/2023,Brazil,2881.04,3251.97
30/04/2023,Nigeria,2148.84,70.84
30/04/2023,Nigeria,631.66,653.35
1/5/2023,Russia,1694.33,1378.02
1/5/2023,China,1932.91,189.77
1/5/2023,China,510.2,572.15
2/5/2023,Philippines,840.28,499.8
3/5/2023,India,737.12,258.22
3/5/2023,Mexico,1364.25,371.97
3/5/2023,Philippines,1122.95,421.27
4/5/2023,Russia,2323.42,1103.74
5/5/2023,Russia,957.5,392.92
5/5/2023,China,2421.54,431.83
5/5/2023,USA,1458.08,725.98
5/5/2023,Nigeria,2137.73,1179.48
5/5/2023,Mexico,1707.53,1012.08
6/5/2023,India,1522.89,131.52
6/5/2023,Germany,4645.21,570.26
6/5/2023,Brazil,1213.72,82.27
7/5/2023,USA,4235.43,595.89
7/5/2023,Mexico,953.49,349.37
7/5/2023,Philippines,1514.01,125.61
7/5/2023,Mexico,1333.42,597
8/5/2023,Mexico,677.44,469.88
8/5/2023,Russia,1022.76,2132.2
8/5/2023,China,2367.53,1308.5
9/5/2023,India,2476.07,871.69
9/5/2023,Germany,1570.88,103.41
9/5/2023,Philippines,4751.7,740.54
9/5/2023,Brazil,1971.86,1888.03
11/5/2023,Brazil,1504.24,701.24
12/5/2023,Nigeria,2690.75,329.44
12/5/2023,Brazil,1547.67,836.85
14/05/2023,India,1334.24,285.57
14/05/2023,China,1796.5,49.07
17/05/2023,Brazil,640.14,305.43
18/05/2023,Philippines,307.31,676.76
18/05/2023,USA,1350.05,478.74
18/05/2023,Brazil,2158.03,815.96
19/05/2023,Mexico,2279.09,447.96
19/05/2023,Brazil,2461.55,2596.87
19/05/2023,USA,814.7,1996.94
20/05/2023,Mexico,2268.25,540.64
21/05/2023,Philippines,1309.68,999.88
21/05/2023,India,1354.39,430.24
23/05/2023,USA,695.8,2902.99
23/05/2023,India,3461.4,446.84
24/05/2023,Indonesia,5328.47,1137.33
24/05/2023,Philippines,661.76,528.5
24/05/2023,Nigeria,1025.24,555.94
24/05/2023,Indonesia,182,325.36
25/05/2023,USA,4604.57,2374.35
25/05/2023,USA,3467.08,483.16
26/05/2023,Philippines,916.36,128.06
26/05/2023,Mexico,1535.43,1019.07
26/05/2023,Mexico,731.63,1038.35
26/05/2023,India,247.84,889.4
27/05/2023,USA,1530.16,1036.33
27/05/2023,Nigeria,959.21,1528.86
27/05/2023,Philippines,344.89,712.76
28/05/2023,Brazil,2333.8,733.27
28/05/2023,Philippines,1757.8,462.94
28/05/2023,Nigeria,908.31,728.96
29/05/2023,Germany,1703.68,1189.87
30/05/2023,Brazil,2365.41,764.77
31/05/2023,Nigeria,1092.16,252.01
31/05/2023,USA,3454.67,726.71
1/6/2023,USA,1916.57,273.2
1/6/2023,Mexico,1822.77,483.86
1/6/2023,Indonesia,1072.79,508.93
2/6/2023,Philippines,336.03,321.22
2/6/2023,Indonesia,4209.94,242.39
2/6/2023,Russia,1330.9,251.27
3/6/2023,Brazil,3229.17,2598.2
3/6/2023,USA,908.19,453.69
3/6/2023,Brazil,1773.81,795.64
4/6/2023,USA,1625.34,1369.54
5/6/2023,Germany,2361.49,444.58
5/6/2023,Indonesia,459.37,80.74
5/6/2023,Germany,1775.91,995.51
6/6/2023,Brazil,1078.82,400.61
6/6/2023,China,967.94,787.52
7/6/2023,Philippines,1486.51,272.72
7/6/2023,USA,2443.02,571.21
8/6/2023,Russia,1311.27,469.94
9/6/2023,Philippines,2254.85,667.18
10/6/2023,Indonesia,2885.23,1009.19
12/6/2023,Russia,1887.9,157.21
12/6/2023,Philippines,2771.95,438.21
13/06/2023,Indonesia,1998.03,1189.07
13/06/2023,Philippines,692.97,621.28
13/06/2023,Nigeria,1152.4,443.64
13/06/2023,Brazil,2180.77,1134.68
13/06/2023,China,1054.67,237.76
14/06/2023,China,2520.54,757.42
14/06/2023,Philippines,228.28,405.01
14/06/2023,Brazil,3810.52,280.62
14/06/2023,Germany,1069.18,2126.63
14/06/2023,Germany,1593.66,149.49
15/06/2023,USA,1163.3,717.87
16/06/2023,China,676.35,77.3
18/06/2023,China,713.57,416.29
19/06/2023,Brazil,1743.98,1121.52
19/06/2023,Philippines,871.78,501.1
19/06/2023,Mexico,705,184.78
19/06/2023,Russia,691.28,359.37
20/06/2023,Nigeria,2026.91,500.92
20/06/2023,Brazil,1758.75,1070.47
22/06/2023,Philippines,4685.56,158.11
22/06/2023,Germany,347.51,561.29
22/06/2023,Philippines,1314,573.74
23/06/2023,Brazil,381.86,1065.88
23/06/2023,Philippines,763.54,575.02
25/06/2023,Indonesia,1328.71,147.59
25/06/2023,Nigeria,4005.77,1064.31
25/06/2023,Indonesia,2948.96,915.51
26/06/2023,Brazil,4459.91,558.88
26/06/2023,China,2531.97,817.6
27/06/2023,USA,3758.73,970.35
28/06/2023,Russia,2412.26,1211.81
29/06/2023,Indonesia,2670.84,177.91
29/06/2023,Brazil,2393.94,1424.47
30/06/2023,USA,2759.77,901.02
30/06/2023,China,517.48,271.35
30/06/2023,Mexico,551.48,1397.39
2/7/2023,Philippines,2558.91,318.72
2/7/2023,USA,1501.83,1073.27
3/7/2023,Mexico,2648.35,760.08
3/7/2023,Indonesia,2705.82,63.02
4/7/2023,Philippines,2095.7,399.61
4/7/2023,Philippines,2304.79,37.13
4/7/2023,Mexico,333.55,491.61
4/7/2023,Brazil,1015.22,1743.22
5/7/2023,Brazil,4952.42,589.77
6/7/2023,China,1276.46,180.09
7/7/2023,Brazil,2505.81,233.14
7/7/2023,India,231.74,1630.53
8/7/2023,China,2412,1258.63
8/7/2023,Mexico,2781.75,407.88
8/7/2023,China,978.44,1891.91
9/7/2023,Russia,959.04,205.67
9/7/2023,China,2422.62,233.09
10/7/2023,Philippines,3678.48,150.25
10/7/2023,Germany,2081.98,1979.03
10/7/2023,Brazil,759.36,713.45
11/7/2023,USA,2078.93,704.56
12/7/2023,Philippines,2475.23,323.16
12/7/2023,Russia,1645.31,530.61
13/07/2023,Nigeria,1172.82,434.57
13/07/2023,USA,2813.98,672.19
14/07/2023,Germany,2226.34,544.73
16/07/2023,Nigeria,3920.13,1574.26
16/07/2023,USA,5741.84,656.1
16/07/2023,Nigeria,4422.99,264.63
17/07/2023,Philippines,354.31,1139.97
17/07/2023,India,421.9,438.82
18/07/2023,Nigeria,903.8,321.66
20/07/2023,Germany,2658.62,418.6
20/07/2023,Brazil,1045.64,656.97
20/07/2023,Mexico,1474.16,307.22
20/07/2023,Mexico,312.34,466.43
21/07/2023,Germany,1651.11,1128.28
22/07/2023,India,500.41,361.96
23/07/2023,India,2388.1,423.6
24/07/2023,Brazil,2025.19,1487.03
24/07/2023,Philippines,2096.83,160.19
24/07/2023,Indonesia,353.61,143.68
25/07/2023,Mexico,432.91,1086.89
25/07/2023,China,1411.12,1215.23
25/07/2023,India,445.77,340.85
25/07/2023,India,1983.67,2269.95
25/07/2023,USA,1911.52,2368.48
27/07/2023,Brazil,488.92,760.32
28/07/2023,Mexico,5157.31,262.91
29/07/2023,Germany,1281.5,261.51
29/07/2023,USA,4117.16,390.94
30/07/2023,Nigeria,560.89,267.24
30/07/2023,Russia,2272.33,188.7
30/07/2023,Indonesia,223.7,1043.94
30/07/2023,Indonesia,1366.84,275.03
31/07/2023,Indonesia,2187.52,606.17
1/8/2023,Philippines,1043.03,559.23
1/8/2023,Philippines,3522.22,631.78
1/8/2023,India,260.64,572.5
1/8/2023,Philippines,838.61,123.72
1/8/2023,China,892.27,849.43
1/8/2023,Indonesia,1685.47,1204.35
2/8/2023,USA,2393.68,535.52
2/8/2023,China,4498.07,700.19
2/8/2023,Germany,2156.84,495.4
3/8/2023,Philippines,2356.27,1279.95
3/8/2023,Mexico,2001.43,938.89
4/8/2023,Russia,2327.24,1185.92
5/8/2023,Brazil,4305.66,862.02
5/8/2023,Germany,3392.65,826.57
6/8/2023,Germany,3546.84,90.5
6/8/2023,Germany,699.4,207.13
6/8/2023,Philippines,1918.07,167.72
6/8/2023,China,2573.99,275.64
6/8/2023,Germany,236.45,1105.68
7/8/2023,Germany,747.97,166.04
7/8/2023,Germany,276.17,391.43
8/8/2023,Philippines,1121.85,139.62
9/8/2023,Indonesia,1958.62,1119.45
9/8/2023,Nigeria,1703.31,305.23
9/8/2023,India,5093.32,365.95
9/8/2023,China,5638.74,1014.07
9/8/2023,Russia,2039.06,68.69
10/8/2023,Indonesia,2606.77,680.89
10/8/2023,USA,5511.89,1597.65
10/8/2023,Philippines,1617.15,1308.9
10/8/2023,China,3662.46,1255.21
13/08/2023,USA,2739.76,639.19
13/08/2023,Brazil,669.89,80.63
14/08/2023,Germany,7685.15,244.26
14/08/2023,Brazil,1183.27,842.41
14/08/2023,Philippines,978.57,949.96
15/08/2023,Germany,1754.66,869.26
15/08/2023,India,2450.51,38.8
15/08/2023,Nigeria,1154.32,2331.82
16/08/2023,USA,2527.3,83.63
16/08/2023,Mexico,3580.37,334.16
16/08/2023,China,299.53,455.11
16/08/2023,Russia,158.37,207.31
17/08/2023,Russia,1878.74,920.34
17/08/2023,Russia,1075.14,713.73
18/08/2023,Brazil,6655.14,1125.59
19/08/2023,Mexico,3830.87,1176.06
19/08/2023,Germany,226.47,363.1
19/08/2023,Philippines,1536.93,197.8
19/08/2023,India,7172.51,274.92
20/08/2023,Russia,529.14,1328.65
20/08/2023,Indonesia,1099.71,654.63
22/08/2023,USA,5436.8,713.52
23/08/2023,Russia,2813.35,424.1
23/08/2023,Brazil,1075.89,1762.79
23/08/2023,Brazil,2034.02,658.61
23/08/2023,Mexico,2863.82,374.97
24/08/2023,Russia,1393.01,2456.05
24/08/2023,Philippines,892.35,558.64
25/08/2023,India,2651.5,637.39
25/08/2023,Brazil,1490.41,882.04
26/08/2023,Indonesia,4976.62,453.99
26/08/2023,Indonesia,391.13,153.22
27/08/2023,Mexico,2851.39,1088.78
27/08/2023,Philippines,3530.32,469.15
27/08/2023,Germany,1481.65,444.12
28/08/2023,USA,1027.44,605.72
28/08/2023,Indonesia,804.28,1682.6
28/08/2023,Philippines,3216.17,40.93
30/08/2023,Russia,827.34,481.74
31/08/2023,China,4127.34,583.93
31/08/2023,USA,2764.12,1744.59
31/08/2023,Mexico,3657.18,499.87
1/9/2023,China,3420.86,121.33
1/9/2023,USA,4441.81,369.55
2/9/2023,USA,1116.77,143.47
2/9/2023,USA,5249.82,1953.8
2/9/2023,Germany,1599.92,1067.87
3/9/2023,Russia,123.35,21.2
4/9/2023,Brazil,1574.4,1054.55
4/9/2023,India,2303.77,1553.61
4/9/2023,USA,367.72,1303.16
4/9/2023,Indonesia,3193.54,1453.76
5/9/2023,Germany,1564.62,731.38
5/9/2023,Indonesia,2073.84,1949.79
5/9/2023,USA,3750.87,123.14
6/9/2023,Philippines,762.07,495.63
6/9/2023,India,1069.72,162.3
7/9/2023,Brazil,336.78,1242.57
8/9/2023,Russia,1509.49,275.12
8/9/2023,Indonesia,2162.8,469.83
8/9/2023,Russia,2571.11,1016.79
9/9/2023,Brazil,640.92,1385.53
10/9/2023,Brazil,1187.84,487.56
11/9/2023,Brazil,5707.41,1027.03
11/9/2023,Brazil,4636.36,664.8
11/9/2023,Germany,4633.89,573.48
11/9/2023,India,189.85,472.32
12/9/2023,Philippines,2484.81,966.97
13/09/2023,Indonesia,3037.19,1478.01
13/09/2023,USA,5222.71,498.64
13/09/2023,Russia,2477.47,270.83
14/09/2023,USA,1171.6,1194.1
14/09/2023,China,2265.79,1218.03
14/09/2023,Russia,2359.13,317.02
15/09/2023,USA,4038.33,363.31
15/09/2023,USA,1255.02,283.55
16/09/2023,Nigeria,214.11,355.94
16/09/2023,Philippines,1911.46,275.41
16/09/2023,Philippines,1691.12,1545.51
17/09/2023,Germany,1189.48,222.4
17/09/2023,China,3655.52,289.91
17/09/2023,Philippines,2403.6,1553
17/09/2023,Nigeria,3170.08,678.17
18/09/2023,India,2556.38,178.7
18/09/2023,Brazil,4673.84,302.35
18/09/2023,Brazil,916.9,427.97
19/09/2023,Mexico,2117.43,23.85
19/09/2023,China,1232.64,905.64
20/09/2023,Indonesia,2236.88,265.19
20/09/2023,Nigeria,5240.37,109.8
21/09/2023,Nigeria,1617.45,1136.75
21/09/2023,Nigeria,1904.99,399.39
21/09/2023,Russia,1570.52,1849.45
21/09/2023,Germany,4078.74,716.3
22/09/2023,Brazil,4038.84,659.43
22/09/2023,China,2971.46,1209.22
22/09/2023,China,1494.17,168.9
23/09/2023,Nigeria,932.16,429.35
24/09/2023,Brazil,1070.63,319.39
24/09/2023,Indonesia,592.04,301.67
27/09/2023,USA,1084.07,1324.79
27/09/2023,USA,87.3,308.79
27/09/2023,Germany,2888.08,192.82
28/09/2023,Germany,1854.52,1576.03
29/09/2023,India,164.83,1274.34
29/09/2023,Nigeria,1585.23,690.75
29/09/2023,China,1015.22,334.4
29/09/2023,China,887.12,942.12
30/09/2023,Philippines,584.54,962.06
30/09/2023,Nigeria,1720.59,1125.75
30/09/2023,USA,697.97,1522.21
1/10/2023,Mexico,1927.1,781.58
2/10/2023,Russia,2775.23,79.74
2/10/2023,Indonesia,1601.03,975.75
3/10/2023,Mexico,494.42,883.28
3/10/2023,Germany,971.48,137.32
3/10/2023,Mexico,448.84,233.91
3/10/2023,Philippines,2671.2,252.01
4/10/2023,India,4575.21,403.54
4/10/2023,Indonesia,1009.88,88.24
4/10/2023,USA,1176.78,2639.57
4/10/2023,Nigeria,1146.02,1483.57
5/10/2023,Germany,516.81,333.65
5/10/2023,Mexico,3797.88,1017.63
5/10/2023,Philippines,3643.58,457.62
6/10/2023,Indonesia,4320.34,254.15
6/10/2023,Russia,322.86,1615.18
7/10/2023,Brazil,153.51,40.86
7/10/2023,Russia,1343.08,255.94
8/10/2023,Brazil,2400.47,1675.23
8/10/2023,Mexico,1509.9,1093.66
8/10/2023,Germany,2263.2,706.88
9/10/2023,Brazil,2026.35,1147.96
9/10/2023,Germany,2477.72,1536.68
9/10/2023,India,3635.06,682.3
9/10/2023,Nigeria,2323.5,259.19
9/10/2023,Indonesia,548.89,73.84
11/10/2023,Nigeria,376.04,1106.98
11/10/2023,Germany,2987.31,373.1
11/10/2023,Russia,1356.47,1637.84
12/10/2023,Nigeria,2314.06,626.48
12/10/2023,Germany,707.14,538.58
13/10/2023,Philippines,2823.85,294.55
13/10/2023,Indonesia,213.81,121.72
13/10/2023,Mexico,3812.25,297.07
14/10/2023,Mexico,5453.37,1643.93
14/10/2023,Mexico,2579.27,167.35
14/10/2023,USA,717.26,286.98
15/10/2023,China,1716.21,140.72
16/10/2023,Nigeria,2528.68,802.81
17/10/2023,USA,1998.96,310.96
17/10/2023,Brazil,3040.91,1636.94
17/10/2023,China,1620.84,787.48
17/10/2023,USA,1067.23,748.87
19/10/2023,China,1329.47,983.24
19/10/2023,India,3311.61,94.13
19/10/2023,China,3020.74,1006.74
20/10/2023,Philippines,596.92,352.11
20/10/2023,India,1941.76,988.94
20/10/2023,Nigeria,1286.42,100.12
21/10/2023,India,4785.71,787.78
21/10/2023,Germany,938.36,264.59
21/10/2023,Russia,3998.99,446.65
22/10/2023,USA,1298.6,61.38
22/10/2023,USA,1572.98,421.13
22/10/2023,USA,1555.51,275.68
22/10/2023,Russia,4898.74,168.75
23/10/2023,Brazil,4163.56,460.15
23/10/2023,Brazil,5587.19,385.54
24/10/2023,Russia,2231.64,584.67
25/10/2023,Germany,1919.15,328.61
25/10/2023,USA,909.83,1283.06
25/10/2023,Germany,710.02,94.65
25/10/2023,Philippines,465.65,267.39
25/10/2023,Brazil,2401.86,1419.89
26/10/2023,Brazil,2146.17,1225.53
26/10/2023,USA,1726.76,837.56
26/10/2023,India,888.19,2302.66
26/10/2023,Germany,3229.1,128.41
27/10/2023,Russia,3058.65,1139.19
28/10/2023,Germany,663.14,183.61
28/10/2023,Nigeria,1775.17,614.52
28/10/2023,China,1008.17,334.15
28/10/2023,USA,657.87,585.9
30/10/2023,Indonesia,795.34,503.54
31/10/2023,India,2952.96,2329.08
31/10/2023,Nigeria,1218.48,773.49
2/11/2023,Brazil,1397.04,222.45
2/11/2023,Brazil,353.05,415.46
3/11/2023,India,2258.38,2151.96
3/11/2023,Germany,3683.14,2341.37
3/11/2023,Indonesia,1268.84,562.83
4/11/2023,Germany,1735.05,517.5
5/11/2023,Nigeria,735.57,346.77
5/11/2023,Indonesia,1777.25,682.76
6/11/2023,Nigeria,2594.01,131.08
6/11/2023,China,1425.68,1332.38
6/11/2023,Brazil,5937.61,867.3
7/11/2023,China,1374.23,1607.5
7/11/2023,Russia,2456.84,367.15
8/11/2023,Russia,240.74,654
8/11/2023,Germany,1502.89,180.13
9/11/2023,India,3151.6,51.98
10/11/2023,Germany,698.46,130.96
10/11/2023,India,625.16,788.16
11/11/2023,Germany,1190.57,764.78
11/11/2023,Philippines,2710.13,601.67
12/11/2023,Russia,3477.46,562.45
13/11/2023,Russia,2395.79,65.83
13/11/2023,Philippines,2424.9,157.98
13/11/2023,Mexico,1023.82,736.11
14/11/2023,Mexico,1755.81,676.08
14/11/2023,Brazil,782.53,185.31
14/11/2023,USA,3113.73,209.48
14/11/2023,China,2071.2,1479.14
14/11/2023,Germany,526.95,697.96
15/11/2023,Mexico,4521.09,162.14
15/11/2023,Nigeria,87.23,1102.84
15/11/2023,Germany,2004.97,193.14
16/11/2023,Philippines,2285.1,116.7
17/11/2023,Mexico,824.21,1038.54
18/11/2023,Brazil,4741.3,814.72
19/11/2023,China,2575.24,1051.9
19/11/2023,Russia,524.23,26.13
19/11/2023,Philippines,1147.17,120.57
20/11/2023,India,998.19,827.46
21/11/2023,China,2646.11,359.07
21/11/2023,Nigeria,2164.43,1439.74
22/11/2023,Brazil,2471.05,1051.05
22/11/2023,Germany,631.08,103.17
22/11/2023,Philippines,1213.9,708.94
25/11/2023,Indonesia,4804.67,873.23
25/11/2023,Russia,2367.8,328.01
26/11/2023,Russia,984.12,741.12
26/11/2023,Nigeria,1584.54,1011.23
26/11/2023,Philippines,2031.64,652.87
27/11/2023,Indonesia,1780.97,35.52
27/11/2023,Philippines,6042.32,709.4
27/11/2023,Nigeria,477.79,507.31
27/11/2023,Russia,1432.93,721.83
28/11/2023,Nigeria,1605.83,131.26
28/11/2023,Indonesia,648.98,752.83
29/11/2023,Germany,2244.1,743.06
29/11/2023,Indonesia,318.06,1275.4
30/11/2023,China,3383.44,658.83
1/12/2023,Nigeria,1952.25,2173.17
1/12/2023,Indonesia,1855.38,1078.27
3/12/2023,China,1112.8,595.48
3/12/2023,China,1054.31,993.73
4/12/2023,Germany,2889.42,261.73
5/12/2023,Philippines,1372.57,472.38
5/12/2023,China,183.31,593.67
5/12/2023,Germany,1440.06,557.8
6/12/2023,India,3363.58,981.33
7/12/2023,USA,1897.84,653.33
7/12/2023,Indonesia,4255.37,1535.17
7/12/2023,Nigeria,1069.21,830.41
8/12/2023,India,1284.5,694.13
8/12/2023,Russia,1331.93,2145.73
8/12/2023,China,2796.18,286.08
10/12/2023,Indonesia,1830.1,612.46
10/12/2023,Indonesia,3113.28,786.23
10/12/2023,Philippines,1806.96,608.8
10/12/2023,China,1400.02,1324.85
11/12/2023,Germany,2124.15,500.17
11/12/2023,Philippines,886.37,822.91
11/12/2023,China,1001.13,1709.82
12/12/2023,Brazil,3093.84,1984.64
12/12/2023,India,217.21,443.47
12/12/2023,Mexico,554.55,618.25
12/12/2023,India,357.14,1091.52
13/12/2023,USA,2244.61,2029.81
14/12/2023,Mexico,554.71,1535.1
14/12/2023,USA,3234.26,790.15
15/12/2023,Nigeria,1934.6,475.42
15/12/2023,Brazil,823.72,177.95
15/12/2023,USA,3727.1,1218.01
16/12/2023,Germany,1572.41,895.58
16/12/2023,Brazil,641.91,434.47
17/12/2023,Philippines,948.99,653.06
18/12/2023,Nigeria,1863.45,1422.82
19/12/2023,Philippines,4885.63,1050.95
20/12/2023,Brazil,367.05,703.23
20/12/2023,Brazil,1906.83,1050.29
20/12/2023,Nigeria,3007.7,547.29
21/12/2023,Brazil,3964.4,767.1
22/12/2023,Mexico,499.99,531.83
22/12/2023,Nigeria,514.69,117.07
22/12/2023,Philippines,1685,550.39
23/12/2023,Germany,2121.61,3708.94
24/12/2023,Mexico,1192.16,391.48
24/12/2023,Germany,999.89,178.5
24/12/2023,Germany,849.83,1822.54
24/12/2023,USA,1230.36,500.3
27/12/2023,Philippines,1667.55,199.74
28/12/2023,USA,2425.41,86.94
28/12/2023,India,4779.93,1055.43
29/12/2023,Nigeria,1448.71,645.58
29/12/2023,Mexico,1244.16,1036.77
31/12/2023,Russia,859.34,1671.53
31/12/2023,Indonesia,612.63,48.53
1/1/2024,USA,688.45,416.37
1/1/2024,Nigeria,2400.45,609.75
2/1/2024,India,2330.89,440.94
2/1/2024,China,2921.29,503.43
3/1/2024,India,1243.73,467.21
4/1/2024,Indonesia,1363.36,5318.49
6/1/2024,USA,1933.95,571.93
6/1/2024,Mexico,491.49,227.48
6/1/2024,India,908.01,24.29
7/1/2024,India,3249.47,1177.81
8/1/2024,Russia,2915.88,715.81
8/1/2024,China,1940.79,1664.49
9/1/2024,Indonesia,2354.27,393.1
9/1/2024,Indonesia,2282.82,1498.09
9/1/2024,Indonesia,1997.91,120.96
10/1/2024,Mexico,1394.5,267.85
11/1/2024,USA,2229.53,1184.16
11/1/2024,Indonesia,1284.97,1054.71
11/1/2024,Russia,935.91,1396.85
11/1/2024,Nigeria,3335.06,621.34
11/1/2024,China,139.94,117.66
11/1/2024,Russia,2244.86,1439.8
11/1/2024,Germany,1488.48,2884.04
12/1/2024,Germany,3291.92,1109.68
12/1/2024,Mexico,435.04,487.91
13/01/2024,Philippines,2547.4,486.41
13/01/2024,India,2163.73,660.88
13/01/2024,Brazil,4148.25,10.98
13/01/2024,Indonesia,2155.53,1084.22
14/01/2024,Russia,932.98,259.72
14/01/2024,Philippines,1417.31,340.66
15/01/2024,India,1077.84,404.92
16/01/2024,USA,2307.8,760.04
16/01/2024,Philippines,740.62,118.7
16/01/2024,Indonesia,1236.87,1515.79
16/01/2024,Russia,2173.58,860.22
16/01/2024,India,2131.32,1057.17
16/01/2024,Mexico,3468.87,876.84
16/01/2024,Russia,1533.75,620.57
16/01/2024,Germany,1506.02,737.82
17/01/2024,Nigeria,872.32,517.2
17/01/2024,Philippines,32.35,1002.42
17/01/2024,India,2381.44,179.09
17/01/2024,Mexico,1325.04,549.95
18/01/2024,USA,1478.29,1328.45
19/01/2024,India,949.8,342.1
20/01/2024,Philippines,1863.65,777.8
20/01/2024,Russia,1927.88,275.08
21/01/2024,Mexico,168.86,1363.62
21/01/2024,Germany,2795.96,522.19
22/01/2024,Germany,492.89,393.51
23/01/2024,China,3231.98,192.45
23/01/2024,India,712.7,1038.77
23/01/2024,USA,1699.66,979.07
23/01/2024,Brazil,3170.68,713.32
24/01/2024,Mexico,325.03,718.69
25/01/2024,USA,1140.89,28.18
26/01/2024,China,684.34,179.54
28/01/2024,Brazil,1611.99,1525.9
28/01/2024,Brazil,2869.31,353.37
29/01/2024,Brazil,5115.41,282.88
29/01/2024,Philippines,3856.42,474.04
29/01/2024,Nigeria,2133.99,512.21
29/01/2024,Mexico,1556.32,994.79
29/01/2024,Nigeria,575.14,209.28
29/01/2024,Russia,2658.59,792.35
30/01/2024,Philippines,5195.71,267.53
31/01/2024,USA,868.5,597.15
1/2/2024,Mexico,1154.21,77.05
2/2/2024,USA,2080.22,815.35
2/2/2024,Germany,1071.32,78.39
2/2/2024,China,1965.19,341.89
3/2/2024,India,825.63,991.34
3/2/2024,Indonesia,1698.51,316.71
3/2/2024,USA,1063.05,521.73
5/2/2024,Mexico,1473.66,320.24
6/2/2024,Indonesia,371.05,176.24
6/2/2024,Russia,2092.61,1018.66
7/2/2024,Germany,1129.52,442.63
7/2/2024,Indonesia,954.51,780.77
8/2/2024,Philippines,4161.89,296.73
